# Mini limiting-factor map v2: two slices (clean estimator / signal-in-R estimator), SNR axis added; informational, no UI
# schema_version 1; generated by tests/map_v2.js; seed 20160101; 200 realisations per cell; 2112 cells (v x fc x delta_f x Nr x SNR); settings as data/map_prototype.csv
# L_ICI_net = L_ICI_raw minus its value at v = 0 of the same (Nr, SNR), floored at 0; L_est = pilot residual (no loading, m = 1); L_est_naive = estimated with the signal in R_yy (all 1024 subcarriers)
# dominant_clean = larger of L_ICI_net and L_est; dominant_naive = larger of L_ICI_net and L_est_naive; I = ICI, E = estimation, - = both below 0.5 dB; excluded = 1 when eps_max = f_m / delta_f > 0.5 (outside the CP-estimator range); those cells are flagged and left out of the proportions
v_kmh,fc_GHz,df_kHz,Nr,snr_db,eps_max,excluded,L_ICI_net_db,L_ICI_raw_db,L_est_db,L_est_se,L_est_naive_db,L_est_naive_se,dominant_clean,dominant_naive,n
0,3.5,15,2,10,0.0000,0,0.000,1.010,0.056,0.004,0.812,0.060,-,E,200
50,3.5,15,2,10,0.0108,0,0.006,1.016,0.057,0.004,0.802,0.059,-,E,200
100,3.5,15,2,10,0.0216,0,0.025,1.035,0.058,0.004,0.789,0.059,-,E,200
150,3.5,15,2,10,0.0324,0,0.056,1.066,0.058,0.004,0.775,0.058,-,E,200
200,3.5,15,2,10,0.0432,0,0.099,1.109,0.059,0.004,0.760,0.057,-,E,200
250,3.5,15,2,10,0.0540,0,0.151,1.161,0.059,0.004,0.745,0.057,-,E,200
300,3.5,15,2,10,0.0648,0,0.212,1.222,0.059,0.004,0.730,0.056,-,E,200
350,3.5,15,2,10,0.0756,0,0.280,1.290,0.059,0.004,0.715,0.055,-,E,200
400,3.5,15,2,10,0.0864,0,0.354,1.364,0.059,0.004,0.701,0.054,-,E,200
450,3.5,15,2,10,0.0972,0,0.435,1.445,0.059,0.004,0.688,0.052,-,E,200
500,3.5,15,2,10,0.1080,0,0.520,1.530,0.059,0.004,0.675,0.051,I,E,200
0,3.5,30,2,10,0.0000,0,0.000,1.010,0.056,0.004,0.812,0.060,-,E,200
50,3.5,30,2,10,0.0054,0,0.001,1.011,0.057,0.004,0.807,0.060,-,E,200
100,3.5,30,2,10,0.0108,0,0.006,1.016,0.057,0.004,0.802,0.059,-,E,200
150,3.5,30,2,10,0.0162,0,0.014,1.024,0.058,0.004,0.795,0.059,-,E,200
200,3.5,30,2,10,0.0216,0,0.025,1.035,0.058,0.004,0.789,0.059,-,E,200
250,3.5,30,2,10,0.0270,0,0.039,1.049,0.058,0.004,0.782,0.059,-,E,200
300,3.5,30,2,10,0.0324,0,0.056,1.066,0.058,0.004,0.775,0.058,-,E,200
350,3.5,30,2,10,0.0378,0,0.076,1.086,0.059,0.004,0.768,0.058,-,E,200
400,3.5,30,2,10,0.0432,0,0.099,1.109,0.059,0.004,0.760,0.057,-,E,200
450,3.5,30,2,10,0.0486,0,0.124,1.134,0.059,0.004,0.753,0.057,-,E,200
500,3.5,30,2,10,0.0540,0,0.151,1.161,0.059,0.004,0.745,0.057,-,E,200
0,3.5,60,2,10,0.0000,0,0.000,1.010,0.056,0.004,0.812,0.060,-,E,200
50,3.5,60,2,10,0.0027,0,0.000,1.010,0.057,0.004,0.810,0.060,-,E,200
100,3.5,60,2,10,0.0054,0,0.001,1.011,0.057,0.004,0.807,0.060,-,E,200
150,3.5,60,2,10,0.0081,0,0.003,1.013,0.057,0.004,0.804,0.060,-,E,200
200,3.5,60,2,10,0.0108,0,0.006,1.016,0.057,0.004,0.802,0.059,-,E,200
250,3.5,60,2,10,0.0135,0,0.009,1.019,0.057,0.004,0.799,0.059,-,E,200
300,3.5,60,2,10,0.0162,0,0.014,1.024,0.058,0.004,0.795,0.059,-,E,200
350,3.5,60,2,10,0.0189,0,0.019,1.029,0.058,0.004,0.792,0.059,-,E,200
400,3.5,60,2,10,0.0216,0,0.025,1.035,0.058,0.004,0.789,0.059,-,E,200
450,3.5,60,2,10,0.0243,0,0.032,1.042,0.058,0.004,0.786,0.059,-,E,200
500,3.5,60,2,10,0.0270,0,0.039,1.049,0.058,0.004,0.782,0.059,-,E,200
0,3.5,120,2,10,0.0000,0,0.000,1.010,0.056,0.004,0.812,0.060,-,E,200
50,3.5,120,2,10,0.0014,0,0.000,1.010,0.057,0.004,0.811,0.060,-,E,200
100,3.5,120,2,10,0.0027,0,0.000,1.010,0.057,0.004,0.810,0.060,-,E,200
150,3.5,120,2,10,0.0041,0,0.001,1.011,0.057,0.004,0.808,0.060,-,E,200
200,3.5,120,2,10,0.0054,0,0.001,1.011,0.057,0.004,0.807,0.060,-,E,200
250,3.5,120,2,10,0.0068,0,0.002,1.012,0.057,0.004,0.806,0.060,-,E,200
300,3.5,120,2,10,0.0081,0,0.003,1.013,0.057,0.004,0.804,0.060,-,E,200
350,3.5,120,2,10,0.0095,0,0.004,1.014,0.057,0.004,0.803,0.060,-,E,200
400,3.5,120,2,10,0.0108,0,0.006,1.016,0.057,0.004,0.802,0.059,-,E,200
450,3.5,120,2,10,0.0122,0,0.007,1.017,0.057,0.004,0.800,0.059,-,E,200
500,3.5,120,2,10,0.0135,0,0.009,1.019,0.057,0.004,0.799,0.059,-,E,200
0,7,15,2,10,0.0000,0,0.000,1.010,0.056,0.004,0.812,0.060,-,E,200
50,7,15,2,10,0.0216,0,0.025,1.035,0.058,0.004,0.789,0.059,-,E,200
100,7,15,2,10,0.0432,0,0.099,1.109,0.059,0.004,0.760,0.057,-,E,200
150,7,15,2,10,0.0648,0,0.212,1.222,0.059,0.004,0.730,0.056,-,E,200
200,7,15,2,10,0.0864,0,0.354,1.364,0.059,0.004,0.701,0.054,-,E,200
250,7,15,2,10,0.1080,0,0.520,1.530,0.059,0.004,0.675,0.051,I,E,200
300,7,15,2,10,0.1296,0,0.708,1.718,0.059,0.004,0.647,0.049,I,I,200
350,7,15,2,10,0.1512,0,0.920,1.930,0.059,0.004,0.620,0.047,I,I,200
400,7,15,2,10,0.1728,0,1.157,2.167,0.059,0.004,0.592,0.044,I,I,200
450,7,15,2,10,0.1944,0,1.438,2.448,0.059,0.004,0.560,0.042,I,I,200
500,7,15,2,10,0.2160,0,1.719,2.729,0.058,0.004,0.528,0.039,I,I,200
0,7,30,2,10,0.0000,0,0.000,1.010,0.056,0.004,0.812,0.060,-,E,200
50,7,30,2,10,0.0108,0,0.006,1.016,0.057,0.004,0.802,0.059,-,E,200
100,7,30,2,10,0.0216,0,0.025,1.035,0.058,0.004,0.789,0.059,-,E,200
150,7,30,2,10,0.0324,0,0.056,1.066,0.058,0.004,0.775,0.058,-,E,200
200,7,30,2,10,0.0432,0,0.099,1.109,0.059,0.004,0.760,0.057,-,E,200
250,7,30,2,10,0.0540,0,0.151,1.161,0.059,0.004,0.745,0.057,-,E,200
300,7,30,2,10,0.0648,0,0.212,1.222,0.059,0.004,0.730,0.056,-,E,200
350,7,30,2,10,0.0756,0,0.280,1.290,0.059,0.004,0.715,0.055,-,E,200
400,7,30,2,10,0.0864,0,0.354,1.364,0.059,0.004,0.701,0.054,-,E,200
450,7,30,2,10,0.0972,0,0.435,1.445,0.059,0.004,0.688,0.052,-,E,200
500,7,30,2,10,0.1080,0,0.520,1.530,0.059,0.004,0.675,0.051,I,E,200
0,7,60,2,10,0.0000,0,0.000,1.010,0.056,0.004,0.812,0.060,-,E,200
50,7,60,2,10,0.0054,0,0.001,1.011,0.057,0.004,0.807,0.060,-,E,200
100,7,60,2,10,0.0108,0,0.006,1.016,0.057,0.004,0.802,0.059,-,E,200
150,7,60,2,10,0.0162,0,0.014,1.024,0.058,0.004,0.795,0.059,-,E,200
200,7,60,2,10,0.0216,0,0.025,1.035,0.058,0.004,0.789,0.059,-,E,200
250,7,60,2,10,0.0270,0,0.039,1.049,0.058,0.004,0.782,0.059,-,E,200
300,7,60,2,10,0.0324,0,0.056,1.066,0.058,0.004,0.775,0.058,-,E,200
350,7,60,2,10,0.0378,0,0.076,1.086,0.059,0.004,0.768,0.058,-,E,200
400,7,60,2,10,0.0432,0,0.099,1.109,0.059,0.004,0.760,0.057,-,E,200
450,7,60,2,10,0.0486,0,0.124,1.134,0.059,0.004,0.753,0.057,-,E,200
500,7,60,2,10,0.0540,0,0.151,1.161,0.059,0.004,0.745,0.057,-,E,200
0,7,120,2,10,0.0000,0,0.000,1.010,0.056,0.004,0.812,0.060,-,E,200
50,7,120,2,10,0.0027,0,0.000,1.010,0.057,0.004,0.810,0.060,-,E,200
100,7,120,2,10,0.0054,0,0.001,1.011,0.057,0.004,0.807,0.060,-,E,200
150,7,120,2,10,0.0081,0,0.003,1.013,0.057,0.004,0.804,0.060,-,E,200
200,7,120,2,10,0.0108,0,0.006,1.016,0.057,0.004,0.802,0.059,-,E,200
250,7,120,2,10,0.0135,0,0.009,1.019,0.057,0.004,0.799,0.059,-,E,200
300,7,120,2,10,0.0162,0,0.014,1.024,0.058,0.004,0.795,0.059,-,E,200
350,7,120,2,10,0.0189,0,0.019,1.029,0.058,0.004,0.792,0.059,-,E,200
400,7,120,2,10,0.0216,0,0.025,1.035,0.058,0.004,0.789,0.059,-,E,200
450,7,120,2,10,0.0243,0,0.032,1.042,0.058,0.004,0.786,0.059,-,E,200
500,7,120,2,10,0.0270,0,0.039,1.049,0.058,0.004,0.782,0.059,-,E,200
0,15,15,2,10,0.0000,0,0.000,1.010,0.056,0.004,0.812,0.060,-,E,200
50,15,15,2,10,0.0463,0,0.113,1.123,0.059,0.004,0.756,0.057,-,E,200
100,15,15,2,10,0.0926,0,0.400,1.410,0.059,0.004,0.694,0.053,-,E,200
150,15,15,2,10,0.1389,0,0.796,1.806,0.059,0.004,0.636,0.048,I,I,200
200,15,15,2,10,0.1852,0,1.301,2.311,0.059,0.004,0.574,0.043,I,I,200
250,15,15,2,10,0.2315,0,1.909,2.919,0.059,0.004,0.508,0.037,I,I,200
300,15,15,2,10,0.2778,0,2.487,3.497,0.057,0.004,0.448,0.032,I,I,200
350,15,15,2,10,0.3241,0,3.000,4.010,0.055,0.004,0.406,0.029,I,I,200
400,15,15,2,10,0.3704,0,3.450,4.460,0.053,0.004,0.367,0.026,I,I,200
450,15,15,2,10,0.4167,0,3.793,4.803,0.052,0.004,0.347,0.025,I,I,200
500,15,15,2,10,0.4630,0,4.117,5.127,0.055,0.004,0.340,0.025,I,I,200
0,15,30,2,10,0.0000,0,0.000,1.010,0.056,0.004,0.812,0.060,-,E,200
50,15,30,2,10,0.0231,0,0.029,1.039,0.058,0.004,0.787,0.059,-,E,200
100,15,30,2,10,0.0463,0,0.113,1.123,0.059,0.004,0.756,0.057,-,E,200
150,15,30,2,10,0.0694,0,0.240,1.250,0.059,0.004,0.724,0.055,-,E,200
200,15,30,2,10,0.0926,0,0.400,1.410,0.059,0.004,0.694,0.053,-,E,200
250,15,30,2,10,0.1157,0,0.583,1.593,0.058,0.004,0.665,0.051,I,E,200
300,15,30,2,10,0.1389,0,0.796,1.806,0.059,0.004,0.636,0.048,I,I,200
350,15,30,2,10,0.1620,0,1.036,2.046,0.059,0.004,0.606,0.046,I,I,200
400,15,30,2,10,0.1852,0,1.301,2.311,0.059,0.004,0.574,0.043,I,I,200
450,15,30,2,10,0.2083,0,1.624,2.634,0.059,0.004,0.538,0.040,I,I,200
500,15,30,2,10,0.2315,0,1.909,2.919,0.059,0.004,0.508,0.037,I,I,200
0,15,60,2,10,0.0000,0,0.000,1.010,0.056,0.004,0.812,0.060,-,E,200
50,15,60,2,10,0.0116,0,0.007,1.017,0.057,0.004,0.801,0.059,-,E,200
100,15,60,2,10,0.0231,0,0.029,1.039,0.058,0.004,0.787,0.059,-,E,200
150,15,60,2,10,0.0347,0,0.065,1.075,0.058,0.004,0.772,0.058,-,E,200
200,15,60,2,10,0.0463,0,0.113,1.123,0.059,0.004,0.756,0.057,-,E,200
250,15,60,2,10,0.0579,0,0.172,1.182,0.059,0.004,0.740,0.056,-,E,200
300,15,60,2,10,0.0694,0,0.240,1.250,0.059,0.004,0.724,0.055,-,E,200
350,15,60,2,10,0.0810,0,0.316,1.326,0.059,0.004,0.708,0.054,-,E,200
400,15,60,2,10,0.0926,0,0.400,1.410,0.059,0.004,0.694,0.053,-,E,200
450,15,60,2,10,0.1042,0,0.490,1.500,0.059,0.004,0.680,0.052,-,E,200
500,15,60,2,10,0.1157,0,0.583,1.593,0.058,0.004,0.665,0.051,I,E,200
0,15,120,2,10,0.0000,0,0.000,1.010,0.056,0.004,0.812,0.060,-,E,200
50,15,120,2,10,0.0058,0,0.002,1.012,0.057,0.004,0.807,0.060,-,E,200
100,15,120,2,10,0.0116,0,0.007,1.017,0.057,0.004,0.801,0.059,-,E,200
150,15,120,2,10,0.0174,0,0.016,1.026,0.058,0.004,0.794,0.059,-,E,200
200,15,120,2,10,0.0231,0,0.029,1.039,0.058,0.004,0.787,0.059,-,E,200
250,15,120,2,10,0.0289,0,0.045,1.055,0.058,0.004,0.780,0.058,-,E,200
300,15,120,2,10,0.0347,0,0.065,1.075,0.058,0.004,0.772,0.058,-,E,200
350,15,120,2,10,0.0405,0,0.087,1.097,0.059,0.004,0.764,0.058,-,E,200
400,15,120,2,10,0.0463,0,0.113,1.123,0.059,0.004,0.756,0.057,-,E,200
450,15,120,2,10,0.0521,0,0.141,1.151,0.059,0.004,0.748,0.057,-,E,200
500,15,120,2,10,0.0579,0,0.172,1.182,0.059,0.004,0.740,0.056,-,E,200
0,28,15,2,10,0.0000,0,0.000,1.010,0.056,0.004,0.812,0.060,-,E,200
50,28,15,2,10,0.0864,0,0.354,1.364,0.059,0.004,0.701,0.054,-,E,200
100,28,15,2,10,0.1728,0,1.157,2.167,0.059,0.004,0.592,0.044,I,I,200
150,28,15,2,10,0.2593,0,2.245,3.255,0.059,0.004,0.472,0.034,I,I,200
200,28,15,2,10,0.3457,0,3.240,4.250,0.055,0.004,0.384,0.027,I,I,200
250,28,15,2,10,0.4321,0,3.913,4.923,0.052,0.004,0.344,0.025,I,I,200
300,28,15,2,10,0.5185,1,4.528,5.538,0.056,0.004,0.324,0.024,I,I,200
350,28,15,2,10,0.6049,1,5.699,6.709,0.060,0.004,0.293,0.022,I,I,200
400,28,15,2,10,0.6914,1,7.349,8.359,0.064,0.005,0.265,0.020,I,I,200
450,28,15,2,10,0.7778,1,9.022,10.032,0.071,0.006,0.245,0.018,I,I,200
500,28,15,2,10,0.8642,1,10.376,11.386,0.081,0.006,0.231,0.016,I,I,200
0,28,30,2,10,0.0000,0,0.000,1.010,0.056,0.004,0.812,0.060,-,E,200
50,28,30,2,10,0.0432,0,0.099,1.109,0.059,0.004,0.760,0.057,-,E,200
100,28,30,2,10,0.0864,0,0.354,1.364,0.059,0.004,0.701,0.054,-,E,200
150,28,30,2,10,0.1296,0,0.708,1.718,0.059,0.004,0.647,0.049,I,I,200
200,28,30,2,10,0.1728,0,1.157,2.167,0.059,0.004,0.592,0.044,I,I,200
250,28,30,2,10,0.2160,0,1.719,2.729,0.058,0.004,0.528,0.039,I,I,200
300,28,30,2,10,0.2593,0,2.245,3.255,0.059,0.004,0.472,0.034,I,I,200
350,28,30,2,10,0.3025,0,2.786,3.796,0.056,0.004,0.422,0.030,I,I,200
400,28,30,2,10,0.3457,0,3.240,4.250,0.055,0.004,0.384,0.027,I,I,200
450,28,30,2,10,0.3889,0,3.595,4.605,0.052,0.004,0.357,0.026,I,I,200
500,28,30,2,10,0.4321,0,3.913,4.923,0.052,0.004,0.344,0.025,I,I,200
0,28,60,2,10,0.0000,0,0.000,1.010,0.056,0.004,0.812,0.060,-,E,200
50,28,60,2,10,0.0216,0,0.025,1.035,0.058,0.004,0.789,0.059,-,E,200
100,28,60,2,10,0.0432,0,0.099,1.109,0.059,0.004,0.760,0.057,-,E,200
150,28,60,2,10,0.0648,0,0.212,1.222,0.059,0.004,0.730,0.056,-,E,200
200,28,60,2,10,0.0864,0,0.354,1.364,0.059,0.004,0.701,0.054,-,E,200
250,28,60,2,10,0.1080,0,0.520,1.530,0.059,0.004,0.675,0.051,I,E,200
300,28,60,2,10,0.1296,0,0.708,1.718,0.059,0.004,0.647,0.049,I,I,200
350,28,60,2,10,0.1512,0,0.920,1.930,0.059,0.004,0.620,0.047,I,I,200
400,28,60,2,10,0.1728,0,1.157,2.167,0.059,0.004,0.592,0.044,I,I,200
450,28,60,2,10,0.1944,0,1.438,2.448,0.059,0.004,0.560,0.042,I,I,200
500,28,60,2,10,0.2160,0,1.719,2.729,0.058,0.004,0.528,0.039,I,I,200
0,28,120,2,10,0.0000,0,0.000,1.010,0.056,0.004,0.812,0.060,-,E,200
50,28,120,2,10,0.0108,0,0.006,1.016,0.057,0.004,0.802,0.059,-,E,200
100,28,120,2,10,0.0216,0,0.025,1.035,0.058,0.004,0.789,0.059,-,E,200
150,28,120,2,10,0.0324,0,0.056,1.066,0.058,0.004,0.775,0.058,-,E,200
200,28,120,2,10,0.0432,0,0.099,1.109,0.059,0.004,0.760,0.057,-,E,200
250,28,120,2,10,0.0540,0,0.151,1.161,0.059,0.004,0.745,0.057,-,E,200
300,28,120,2,10,0.0648,0,0.212,1.222,0.059,0.004,0.730,0.056,-,E,200
350,28,120,2,10,0.0756,0,0.280,1.290,0.059,0.004,0.715,0.055,-,E,200
400,28,120,2,10,0.0864,0,0.354,1.364,0.059,0.004,0.701,0.054,-,E,200
450,28,120,2,10,0.0972,0,0.435,1.445,0.059,0.004,0.688,0.052,-,E,200
500,28,120,2,10,0.1080,0,0.520,1.530,0.059,0.004,0.675,0.051,I,E,200
0,3.5,15,4,10,0.0000,0,0.000,0.518,0.155,0.006,3.484,0.118,-,E,200
50,3.5,15,4,10,0.0108,0,0.003,0.521,0.156,0.006,3.495,0.118,-,E,200
100,3.5,15,4,10,0.0216,0,0.021,0.539,0.158,0.006,3.495,0.118,-,E,200
150,3.5,15,4,10,0.0324,0,0.052,0.570,0.159,0.006,3.487,0.118,-,E,200
200,3.5,15,4,10,0.0432,0,0.093,0.611,0.160,0.007,3.471,0.118,-,E,200
250,3.5,15,4,10,0.0540,0,0.140,0.658,0.160,0.007,3.450,0.118,-,E,200
300,3.5,15,4,10,0.0648,0,0.192,0.710,0.160,0.007,3.425,0.118,-,E,200
350,3.5,15,4,10,0.0756,0,0.247,0.765,0.159,0.007,3.397,0.118,-,E,200
400,3.5,15,4,10,0.0864,0,0.304,0.822,0.159,0.007,3.367,0.117,-,E,200
450,3.5,15,4,10,0.0972,0,0.365,0.883,0.159,0.007,3.336,0.117,-,E,200
500,3.5,15,4,10,0.1080,0,0.427,0.945,0.159,0.007,3.304,0.116,-,E,200
0,3.5,30,4,10,0.0000,0,0.000,0.518,0.155,0.006,3.484,0.118,-,E,200
50,3.5,30,4,10,0.0054,0,0.000,0.517,0.155,0.006,3.491,0.118,-,E,200
100,3.5,30,4,10,0.0108,0,0.003,0.521,0.156,0.006,3.495,0.118,-,E,200
150,3.5,30,4,10,0.0162,0,0.010,0.528,0.157,0.006,3.496,0.118,-,E,200
200,3.5,30,4,10,0.0216,0,0.021,0.539,0.158,0.006,3.495,0.118,-,E,200
250,3.5,30,4,10,0.0270,0,0.035,0.553,0.158,0.006,3.492,0.118,-,E,200
300,3.5,30,4,10,0.0324,0,0.052,0.570,0.159,0.006,3.487,0.118,-,E,200
350,3.5,30,4,10,0.0378,0,0.072,0.590,0.159,0.007,3.480,0.118,-,E,200
400,3.5,30,4,10,0.0432,0,0.093,0.611,0.160,0.007,3.471,0.118,-,E,200
450,3.5,30,4,10,0.0486,0,0.116,0.634,0.160,0.007,3.461,0.118,-,E,200
500,3.5,30,4,10,0.0540,0,0.140,0.658,0.160,0.007,3.450,0.118,-,E,200
0,3.5,60,4,10,0.0000,0,0.000,0.518,0.155,0.006,3.484,0.118,-,E,200
50,3.5,60,4,10,0.0027,0,0.000,0.517,0.155,0.006,3.488,0.118,-,E,200
100,3.5,60,4,10,0.0054,0,0.000,0.517,0.155,0.006,3.491,0.118,-,E,200
150,3.5,60,4,10,0.0081,0,0.001,0.519,0.156,0.006,3.493,0.118,-,E,200
200,3.5,60,4,10,0.0108,0,0.003,0.521,0.156,0.006,3.495,0.118,-,E,200
250,3.5,60,4,10,0.0135,0,0.006,0.524,0.157,0.006,3.496,0.118,-,E,200
300,3.5,60,4,10,0.0162,0,0.010,0.528,0.157,0.006,3.496,0.118,-,E,200
350,3.5,60,4,10,0.0189,0,0.015,0.533,0.157,0.006,3.496,0.118,-,E,200
400,3.5,60,4,10,0.0216,0,0.021,0.539,0.158,0.006,3.495,0.118,-,E,200
450,3.5,60,4,10,0.0243,0,0.028,0.546,0.158,0.006,3.494,0.118,-,E,200
500,3.5,60,4,10,0.0270,0,0.035,0.553,0.158,0.006,3.492,0.118,-,E,200
0,3.5,120,4,10,0.0000,0,0.000,0.518,0.155,0.006,3.484,0.118,-,E,200
50,3.5,120,4,10,0.0014,0,0.000,0.517,0.155,0.006,3.486,0.118,-,E,200
100,3.5,120,4,10,0.0027,0,0.000,0.517,0.155,0.006,3.488,0.118,-,E,200
150,3.5,120,4,10,0.0041,0,0.000,0.517,0.155,0.006,3.489,0.118,-,E,200
200,3.5,120,4,10,0.0054,0,0.000,0.517,0.155,0.006,3.491,0.118,-,E,200
250,3.5,120,4,10,0.0068,0,0.000,0.518,0.156,0.006,3.492,0.118,-,E,200
300,3.5,120,4,10,0.0081,0,0.001,0.519,0.156,0.006,3.493,0.118,-,E,200
350,3.5,120,4,10,0.0095,0,0.002,0.520,0.156,0.006,3.494,0.118,-,E,200
400,3.5,120,4,10,0.0108,0,0.003,0.521,0.156,0.006,3.495,0.118,-,E,200
450,3.5,120,4,10,0.0122,0,0.004,0.522,0.156,0.006,3.495,0.118,-,E,200
500,3.5,120,4,10,0.0135,0,0.006,0.524,0.157,0.006,3.496,0.118,-,E,200
0,7,15,4,10,0.0000,0,0.000,0.518,0.155,0.006,3.484,0.118,-,E,200
50,7,15,4,10,0.0216,0,0.021,0.539,0.158,0.006,3.495,0.118,-,E,200
100,7,15,4,10,0.0432,0,0.093,0.611,0.160,0.007,3.471,0.118,-,E,200
150,7,15,4,10,0.0648,0,0.192,0.710,0.160,0.007,3.425,0.118,-,E,200
200,7,15,4,10,0.0864,0,0.304,0.822,0.159,0.007,3.367,0.117,-,E,200
250,7,15,4,10,0.1080,0,0.427,0.945,0.159,0.007,3.304,0.116,-,E,200
300,7,15,4,10,0.1296,0,0.562,1.080,0.159,0.007,3.235,0.115,I,E,200
350,7,15,4,10,0.1512,0,0.717,1.235,0.159,0.007,3.157,0.114,I,E,200
400,7,15,4,10,0.1728,0,0.901,1.419,0.160,0.007,3.067,0.112,I,E,200
450,7,15,4,10,0.1944,0,1.128,1.646,0.160,0.007,2.962,0.110,I,E,200
500,7,15,4,10,0.2160,0,1.415,1.933,0.160,0.007,2.830,0.108,I,E,200
0,7,30,4,10,0.0000,0,0.000,0.518,0.155,0.006,3.484,0.118,-,E,200
50,7,30,4,10,0.0108,0,0.003,0.521,0.156,0.006,3.495,0.118,-,E,200
100,7,30,4,10,0.0216,0,0.021,0.539,0.158,0.006,3.495,0.118,-,E,200
150,7,30,4,10,0.0324,0,0.052,0.570,0.159,0.006,3.487,0.118,-,E,200
200,7,30,4,10,0.0432,0,0.093,0.611,0.160,0.007,3.471,0.118,-,E,200
250,7,30,4,10,0.0540,0,0.140,0.658,0.160,0.007,3.450,0.118,-,E,200
300,7,30,4,10,0.0648,0,0.192,0.710,0.160,0.007,3.425,0.118,-,E,200
350,7,30,4,10,0.0756,0,0.247,0.765,0.159,0.007,3.397,0.118,-,E,200
400,7,30,4,10,0.0864,0,0.304,0.822,0.159,0.007,3.367,0.117,-,E,200
450,7,30,4,10,0.0972,0,0.365,0.883,0.159,0.007,3.336,0.117,-,E,200
500,7,30,4,10,0.1080,0,0.427,0.945,0.159,0.007,3.304,0.116,-,E,200
0,7,60,4,10,0.0000,0,0.000,0.518,0.155,0.006,3.484,0.118,-,E,200
50,7,60,4,10,0.0054,0,0.000,0.517,0.155,0.006,3.491,0.118,-,E,200
100,7,60,4,10,0.0108,0,0.003,0.521,0.156,0.006,3.495,0.118,-,E,200
150,7,60,4,10,0.0162,0,0.010,0.528,0.157,0.006,3.496,0.118,-,E,200
200,7,60,4,10,0.0216,0,0.021,0.539,0.158,0.006,3.495,0.118,-,E,200
250,7,60,4,10,0.0270,0,0.035,0.553,0.158,0.006,3.492,0.118,-,E,200
300,7,60,4,10,0.0324,0,0.052,0.570,0.159,0.006,3.487,0.118,-,E,200
350,7,60,4,10,0.0378,0,0.072,0.590,0.159,0.007,3.480,0.118,-,E,200
400,7,60,4,10,0.0432,0,0.093,0.611,0.160,0.007,3.471,0.118,-,E,200
450,7,60,4,10,0.0486,0,0.116,0.634,0.160,0.007,3.461,0.118,-,E,200
500,7,60,4,10,0.0540,0,0.140,0.658,0.160,0.007,3.450,0.118,-,E,200
0,7,120,4,10,0.0000,0,0.000,0.518,0.155,0.006,3.484,0.118,-,E,200
50,7,120,4,10,0.0027,0,0.000,0.517,0.155,0.006,3.488,0.118,-,E,200
100,7,120,4,10,0.0054,0,0.000,0.517,0.155,0.006,3.491,0.118,-,E,200
150,7,120,4,10,0.0081,0,0.001,0.519,0.156,0.006,3.493,0.118,-,E,200
200,7,120,4,10,0.0108,0,0.003,0.521,0.156,0.006,3.495,0.118,-,E,200
250,7,120,4,10,0.0135,0,0.006,0.524,0.157,0.006,3.496,0.118,-,E,200
300,7,120,4,10,0.0162,0,0.010,0.528,0.157,0.006,3.496,0.118,-,E,200
350,7,120,4,10,0.0189,0,0.015,0.533,0.157,0.006,3.496,0.118,-,E,200
400,7,120,4,10,0.0216,0,0.021,0.539,0.158,0.006,3.495,0.118,-,E,200
450,7,120,4,10,0.0243,0,0.028,0.546,0.158,0.006,3.494,0.118,-,E,200
500,7,120,4,10,0.0270,0,0.035,0.553,0.158,0.006,3.492,0.118,-,E,200
0,15,15,4,10,0.0000,0,0.000,0.518,0.155,0.006,3.484,0.118,-,E,200
50,15,15,4,10,0.0463,0,0.106,0.624,0.160,0.007,3.465,0.118,-,E,200
100,15,15,4,10,0.0926,0,0.338,0.856,0.159,0.007,3.350,0.117,-,E,200
150,15,15,4,10,0.1389,0,0.625,1.143,0.159,0.007,3.203,0.115,I,E,200
200,15,15,4,10,0.1852,0,1.024,1.542,0.160,0.007,3.009,0.111,I,E,200
250,15,15,4,10,0.2315,0,1.637,2.155,0.161,0.006,2.730,0.106,I,E,200
300,15,15,4,10,0.2778,0,2.419,2.937,0.162,0.007,2.410,0.099,I,I,200
350,15,15,4,10,0.3241,0,3.220,3.738,0.170,0.007,2.122,0.090,I,I,200
400,15,15,4,10,0.3704,0,3.847,4.365,0.173,0.006,1.885,0.079,I,I,200
450,15,15,4,10,0.4167,0,4.062,4.580,0.171,0.006,1.781,0.073,I,I,200
500,15,15,4,10,0.4630,0,4.101,4.619,0.169,0.006,1.767,0.071,I,I,200
0,15,30,4,10,0.0000,0,0.000,0.518,0.155,0.006,3.484,0.118,-,E,200
50,15,30,4,10,0.0231,0,0.025,0.543,0.158,0.006,3.495,0.118,-,E,200
100,15,30,4,10,0.0463,0,0.106,0.624,0.160,0.007,3.465,0.118,-,E,200
150,15,30,4,10,0.0694,0,0.215,0.733,0.160,0.007,3.413,0.118,-,E,200
200,15,30,4,10,0.0926,0,0.338,0.856,0.159,0.007,3.350,0.117,-,E,200
250,15,30,4,10,0.1157,0,0.474,0.992,0.159,0.007,3.280,0.116,-,E,200
300,15,30,4,10,0.1389,0,0.625,1.143,0.159,0.007,3.203,0.115,I,E,200
350,15,30,4,10,0.1620,0,0.805,1.323,0.159,0.007,3.114,0.113,I,E,200
400,15,30,4,10,0.1852,0,1.024,1.542,0.160,0.007,3.009,0.111,I,E,200
450,15,30,4,10,0.2083,0,1.294,1.812,0.160,0.007,2.881,0.108,I,E,200
500,15,30,4,10,0.2315,0,1.637,2.155,0.161,0.006,2.730,0.106,I,E,200
0,15,60,4,10,0.0000,0,0.000,0.518,0.155,0.006,3.484,0.118,-,E,200
50,15,60,4,10,0.0116,0,0.004,0.522,0.156,0.006,3.495,0.118,-,E,200
100,15,60,4,10,0.0231,0,0.025,0.543,0.158,0.006,3.495,0.118,-,E,200
150,15,60,4,10,0.0347,0,0.060,0.578,0.159,0.006,3.484,0.118,-,E,200
200,15,60,4,10,0.0463,0,0.106,0.624,0.160,0.007,3.465,0.118,-,E,200
250,15,60,4,10,0.0579,0,0.158,0.676,0.160,0.007,3.441,0.118,-,E,200
300,15,60,4,10,0.0694,0,0.215,0.733,0.160,0.007,3.413,0.118,-,E,200
350,15,60,4,10,0.0810,0,0.275,0.793,0.159,0.007,3.382,0.117,-,E,200
400,15,60,4,10,0.0926,0,0.338,0.856,0.159,0.007,3.350,0.117,-,E,200
450,15,60,4,10,0.1042,0,0.405,0.923,0.159,0.007,3.316,0.116,-,E,200
500,15,60,4,10,0.1157,0,0.474,0.992,0.159,0.007,3.280,0.116,-,E,200
0,15,120,4,10,0.0000,0,0.000,0.518,0.155,0.006,3.484,0.118,-,E,200
50,15,120,4,10,0.0058,0,0.000,0.517,0.155,0.006,3.491,0.118,-,E,200
100,15,120,4,10,0.0116,0,0.004,0.522,0.156,0.006,3.495,0.118,-,E,200
150,15,120,4,10,0.0174,0,0.012,0.530,0.157,0.006,3.496,0.118,-,E,200
200,15,120,4,10,0.0231,0,0.025,0.543,0.158,0.006,3.495,0.118,-,E,200
250,15,120,4,10,0.0289,0,0.041,0.559,0.158,0.006,3.491,0.118,-,E,200
300,15,120,4,10,0.0347,0,0.060,0.578,0.159,0.006,3.484,0.118,-,E,200
350,15,120,4,10,0.0405,0,0.082,0.600,0.159,0.007,3.476,0.118,-,E,200
400,15,120,4,10,0.0463,0,0.106,0.624,0.160,0.007,3.465,0.118,-,E,200
450,15,120,4,10,0.0521,0,0.131,0.649,0.160,0.007,3.454,0.118,-,E,200
500,15,120,4,10,0.0579,0,0.158,0.676,0.160,0.007,3.441,0.118,-,E,200
0,28,15,4,10,0.0000,0,0.000,0.518,0.155,0.006,3.484,0.118,-,E,200
50,28,15,4,10,0.0864,0,0.304,0.822,0.159,0.007,3.367,0.117,-,E,200
100,28,15,4,10,0.1728,0,0.901,1.419,0.160,0.007,3.067,0.112,I,E,200
150,28,15,4,10,0.2593,0,2.127,2.645,0.160,0.006,2.529,0.102,I,E,200
200,28,15,4,10,0.3457,0,3.555,4.073,0.172,0.007,2.002,0.083,I,I,200
250,28,15,4,10,0.4321,0,4.105,4.623,0.171,0.007,1.772,0.072,I,I,200
300,28,15,4,10,0.5185,1,4.159,4.677,0.168,0.006,1.744,0.071,I,I,200
350,28,15,4,10,0.6049,1,4.871,5.389,0.174,0.007,1.627,0.065,I,I,200
400,28,15,4,10,0.6914,1,6.273,6.791,0.175,0.007,1.332,0.056,I,I,200
450,28,15,4,10,0.7778,1,7.896,8.414,0.182,0.007,1.078,0.048,I,I,200
500,28,15,4,10,0.8642,1,9.036,9.554,0.200,0.009,0.942,0.043,I,I,200
0,28,30,4,10,0.0000,0,0.000,0.518,0.155,0.006,3.484,0.118,-,E,200
50,28,30,4,10,0.0432,0,0.093,0.611,0.160,0.007,3.471,0.118,-,E,200
100,28,30,4,10,0.0864,0,0.304,0.822,0.159,0.007,3.367,0.117,-,E,200
150,28,30,4,10,0.1296,0,0.562,1.080,0.159,0.007,3.235,0.115,I,E,200
200,28,30,4,10,0.1728,0,0.901,1.419,0.160,0.007,3.067,0.112,I,E,200
250,28,30,4,10,0.2160,0,1.415,1.933,0.160,0.007,2.830,0.108,I,E,200
300,28,30,4,10,0.2593,0,2.127,2.645,0.160,0.006,2.529,0.102,I,E,200
350,28,30,4,10,0.3025,0,2.840,3.358,0.166,0.007,2.254,0.095,I,I,200
400,28,30,4,10,0.3457,0,3.555,4.073,0.172,0.007,2.002,0.083,I,I,200
450,28,30,4,10,0.3889,0,3.970,4.488,0.173,0.006,1.831,0.076,I,I,200
500,28,30,4,10,0.4321,0,4.105,4.623,0.171,0.007,1.772,0.072,I,I,200
0,28,60,4,10,0.0000,0,0.000,0.518,0.155,0.006,3.484,0.118,-,E,200
50,28,60,4,10,0.0216,0,0.021,0.539,0.158,0.006,3.495,0.118,-,E,200
100,28,60,4,10,0.0432,0,0.093,0.611,0.160,0.007,3.471,0.118,-,E,200
150,28,60,4,10,0.0648,0,0.192,0.710,0.160,0.007,3.425,0.118,-,E,200
200,28,60,4,10,0.0864,0,0.304,0.822,0.159,0.007,3.367,0.117,-,E,200
250,28,60,4,10,0.1080,0,0.427,0.945,0.159,0.007,3.304,0.116,-,E,200
300,28,60,4,10,0.1296,0,0.562,1.080,0.159,0.007,3.235,0.115,I,E,200
350,28,60,4,10,0.1512,0,0.717,1.235,0.159,0.007,3.157,0.114,I,E,200
400,28,60,4,10,0.1728,0,0.901,1.419,0.160,0.007,3.067,0.112,I,E,200
450,28,60,4,10,0.1944,0,1.128,1.646,0.160,0.007,2.962,0.110,I,E,200
500,28,60,4,10,0.2160,0,1.415,1.933,0.160,0.007,2.830,0.108,I,E,200
0,28,120,4,10,0.0000,0,0.000,0.518,0.155,0.006,3.484,0.118,-,E,200
50,28,120,4,10,0.0108,0,0.003,0.521,0.156,0.006,3.495,0.118,-,E,200
100,28,120,4,10,0.0216,0,0.021,0.539,0.158,0.006,3.495,0.118,-,E,200
150,28,120,4,10,0.0324,0,0.052,0.570,0.159,0.006,3.487,0.118,-,E,200
200,28,120,4,10,0.0432,0,0.093,0.611,0.160,0.007,3.471,0.118,-,E,200
250,28,120,4,10,0.0540,0,0.140,0.658,0.160,0.007,3.450,0.118,-,E,200
300,28,120,4,10,0.0648,0,0.192,0.710,0.160,0.007,3.425,0.118,-,E,200
350,28,120,4,10,0.0756,0,0.247,0.765,0.159,0.007,3.397,0.118,-,E,200
400,28,120,4,10,0.0864,0,0.304,0.822,0.159,0.007,3.367,0.117,-,E,200
450,28,120,4,10,0.0972,0,0.365,0.883,0.159,0.007,3.336,0.117,-,E,200
500,28,120,4,10,0.1080,0,0.427,0.945,0.159,0.007,3.304,0.116,-,E,200
0,3.5,15,8,10,0.0000,0,0.000,0.228,0.373,0.010,8.060,0.120,-,E,200
50,3.5,15,8,10,0.0108,0,0.005,0.233,0.372,0.010,8.040,0.120,-,E,200
100,3.5,15,8,10,0.0216,0,0.021,0.249,0.371,0.010,8.011,0.121,-,E,200
150,3.5,15,8,10,0.0324,0,0.045,0.273,0.370,0.010,7.977,0.121,-,E,200
200,3.5,15,8,10,0.0432,0,0.073,0.301,0.369,0.010,7.943,0.121,-,E,200
250,3.5,15,8,10,0.0540,0,0.103,0.331,0.368,0.010,7.911,0.122,-,E,200
300,3.5,15,8,10,0.0648,0,0.135,0.363,0.367,0.010,7.880,0.122,-,E,200
350,3.5,15,8,10,0.0756,0,0.169,0.397,0.367,0.010,7.849,0.122,-,E,200
400,3.5,15,8,10,0.0864,0,0.206,0.434,0.366,0.010,7.818,0.122,-,E,200
450,3.5,15,8,10,0.0972,0,0.247,0.475,0.366,0.010,7.785,0.122,-,E,200
500,3.5,15,8,10,0.1080,0,0.294,0.522,0.366,0.010,7.748,0.121,-,E,200
0,3.5,30,8,10,0.0000,0,0.000,0.228,0.373,0.010,8.060,0.120,-,E,200
50,3.5,30,8,10,0.0054,0,0.001,0.229,0.373,0.010,8.051,0.120,-,E,200
100,3.5,30,8,10,0.0108,0,0.005,0.233,0.372,0.010,8.040,0.120,-,E,200
150,3.5,30,8,10,0.0162,0,0.012,0.240,0.372,0.010,8.026,0.120,-,E,200
200,3.5,30,8,10,0.0216,0,0.021,0.249,0.371,0.010,8.011,0.121,-,E,200
250,3.5,30,8,10,0.0270,0,0.032,0.260,0.371,0.010,7.994,0.121,-,E,200
300,3.5,30,8,10,0.0324,0,0.045,0.273,0.370,0.010,7.977,0.121,-,E,200
350,3.5,30,8,10,0.0378,0,0.059,0.287,0.369,0.010,7.960,0.121,-,E,200
400,3.5,30,8,10,0.0432,0,0.073,0.301,0.369,0.010,7.943,0.121,-,E,200
450,3.5,30,8,10,0.0486,0,0.088,0.316,0.368,0.010,7.927,0.122,-,E,200
500,3.5,30,8,10,0.0540,0,0.103,0.331,0.368,0.010,7.911,0.122,-,E,200
0,3.5,60,8,10,0.0000,0,0.000,0.228,0.373,0.010,8.060,0.120,-,E,200
50,3.5,60,8,10,0.0027,0,0.000,0.228,0.373,0.010,8.056,0.120,-,E,200
100,3.5,60,8,10,0.0054,0,0.001,0.229,0.373,0.010,8.051,0.120,-,E,200
150,3.5,60,8,10,0.0081,0,0.002,0.230,0.373,0.010,8.046,0.120,-,E,200
200,3.5,60,8,10,0.0108,0,0.005,0.233,0.372,0.010,8.040,0.120,-,E,200
250,3.5,60,8,10,0.0135,0,0.008,0.236,0.372,0.010,8.033,0.120,-,E,200
300,3.5,60,8,10,0.0162,0,0.012,0.240,0.372,0.010,8.026,0.120,-,E,200
350,3.5,60,8,10,0.0189,0,0.016,0.244,0.372,0.010,8.018,0.120,-,E,200
400,3.5,60,8,10,0.0216,0,0.021,0.249,0.371,0.010,8.011,0.121,-,E,200
450,3.5,60,8,10,0.0243,0,0.026,0.254,0.371,0.010,8.002,0.121,-,E,200
500,3.5,60,8,10,0.0270,0,0.032,0.260,0.371,0.010,7.994,0.121,-,E,200
0,3.5,120,8,10,0.0000,0,0.000,0.228,0.373,0.010,8.060,0.120,-,E,200
50,3.5,120,8,10,0.0014,0,0.000,0.228,0.373,0.010,8.058,0.120,-,E,200
100,3.5,120,8,10,0.0027,0,0.000,0.228,0.373,0.010,8.056,0.120,-,E,200
150,3.5,120,8,10,0.0041,0,0.000,0.228,0.373,0.010,8.054,0.120,-,E,200
200,3.5,120,8,10,0.0054,0,0.001,0.229,0.373,0.010,8.051,0.120,-,E,200
250,3.5,120,8,10,0.0068,0,0.001,0.229,0.373,0.010,8.049,0.120,-,E,200
300,3.5,120,8,10,0.0081,0,0.002,0.230,0.373,0.010,8.046,0.120,-,E,200
350,3.5,120,8,10,0.0095,0,0.003,0.231,0.372,0.010,8.043,0.120,-,E,200
400,3.5,120,8,10,0.0108,0,0.005,0.233,0.372,0.010,8.040,0.120,-,E,200
450,3.5,120,8,10,0.0122,0,0.006,0.234,0.372,0.010,8.037,0.120,-,E,200
500,3.5,120,8,10,0.0135,0,0.008,0.236,0.372,0.010,8.033,0.120,-,E,200
0,7,15,8,10,0.0000,0,0.000,0.228,0.373,0.010,8.060,0.120,-,E,200
50,7,15,8,10,0.0216,0,0.021,0.249,0.371,0.010,8.011,0.121,-,E,200
100,7,15,8,10,0.0432,0,0.073,0.301,0.369,0.010,7.943,0.121,-,E,200
150,7,15,8,10,0.0648,0,0.135,0.363,0.367,0.010,7.880,0.122,-,E,200
200,7,15,8,10,0.0864,0,0.206,0.434,0.366,0.010,7.818,0.122,-,E,200
250,7,15,8,10,0.1080,0,0.294,0.522,0.366,0.010,7.748,0.121,-,E,200
300,7,15,8,10,0.1296,0,0.408,0.636,0.367,0.010,7.658,0.121,-,E,200
350,7,15,8,10,0.1512,0,0.562,0.790,0.367,0.010,7.540,0.120,I,E,200
400,7,15,8,10,0.1728,0,0.762,0.990,0.366,0.010,7.388,0.119,I,E,200
450,7,15,8,10,0.1944,0,1.002,1.230,0.364,0.010,7.208,0.118,I,E,200
500,7,15,8,10,0.2160,0,1.345,1.573,0.363,0.009,6.977,0.119,I,E,200
0,7,30,8,10,0.0000,0,0.000,0.228,0.373,0.010,8.060,0.120,-,E,200
50,7,30,8,10,0.0108,0,0.005,0.233,0.372,0.010,8.040,0.120,-,E,200
100,7,30,8,10,0.0216,0,0.021,0.249,0.371,0.010,8.011,0.121,-,E,200
150,7,30,8,10,0.0324,0,0.045,0.273,0.370,0.010,7.977,0.121,-,E,200
200,7,30,8,10,0.0432,0,0.073,0.301,0.369,0.010,7.943,0.121,-,E,200
250,7,30,8,10,0.0540,0,0.103,0.331,0.368,0.010,7.911,0.122,-,E,200
300,7,30,8,10,0.0648,0,0.135,0.363,0.367,0.010,7.880,0.122,-,E,200
350,7,30,8,10,0.0756,0,0.169,0.397,0.367,0.010,7.849,0.122,-,E,200
400,7,30,8,10,0.0864,0,0.206,0.434,0.366,0.010,7.818,0.122,-,E,200
450,7,30,8,10,0.0972,0,0.247,0.475,0.366,0.010,7.785,0.122,-,E,200
500,7,30,8,10,0.1080,0,0.294,0.522,0.366,0.010,7.748,0.121,-,E,200
0,7,60,8,10,0.0000,0,0.000,0.228,0.373,0.010,8.060,0.120,-,E,200
50,7,60,8,10,0.0054,0,0.001,0.229,0.373,0.010,8.051,0.120,-,E,200
100,7,60,8,10,0.0108,0,0.005,0.233,0.372,0.010,8.040,0.120,-,E,200
150,7,60,8,10,0.0162,0,0.012,0.240,0.372,0.010,8.026,0.120,-,E,200
200,7,60,8,10,0.0216,0,0.021,0.249,0.371,0.010,8.011,0.121,-,E,200
250,7,60,8,10,0.0270,0,0.032,0.260,0.371,0.010,7.994,0.121,-,E,200
300,7,60,8,10,0.0324,0,0.045,0.273,0.370,0.010,7.977,0.121,-,E,200
350,7,60,8,10,0.0378,0,0.059,0.287,0.369,0.010,7.960,0.121,-,E,200
400,7,60,8,10,0.0432,0,0.073,0.301,0.369,0.010,7.943,0.121,-,E,200
450,7,60,8,10,0.0486,0,0.088,0.316,0.368,0.010,7.927,0.122,-,E,200
500,7,60,8,10,0.0540,0,0.103,0.331,0.368,0.010,7.911,0.122,-,E,200
0,7,120,8,10,0.0000,0,0.000,0.228,0.373,0.010,8.060,0.120,-,E,200
50,7,120,8,10,0.0027,0,0.000,0.228,0.373,0.010,8.056,0.120,-,E,200
100,7,120,8,10,0.0054,0,0.001,0.229,0.373,0.010,8.051,0.120,-,E,200
150,7,120,8,10,0.0081,0,0.002,0.230,0.373,0.010,8.046,0.120,-,E,200
200,7,120,8,10,0.0108,0,0.005,0.233,0.372,0.010,8.040,0.120,-,E,200
250,7,120,8,10,0.0135,0,0.008,0.236,0.372,0.010,8.033,0.120,-,E,200
300,7,120,8,10,0.0162,0,0.012,0.240,0.372,0.010,8.026,0.120,-,E,200
350,7,120,8,10,0.0189,0,0.016,0.244,0.372,0.010,8.018,0.120,-,E,200
400,7,120,8,10,0.0216,0,0.021,0.249,0.371,0.010,8.011,0.121,-,E,200
450,7,120,8,10,0.0243,0,0.026,0.254,0.371,0.010,8.002,0.121,-,E,200
500,7,120,8,10,0.0270,0,0.032,0.260,0.371,0.010,7.994,0.121,-,E,200
0,15,15,8,10,0.0000,0,0.000,0.228,0.373,0.010,8.060,0.120,-,E,200
50,15,15,8,10,0.0463,0,0.081,0.309,0.368,0.010,7.934,0.121,-,E,200
100,15,15,8,10,0.0926,0,0.229,0.457,0.366,0.010,7.800,0.122,-,E,200
150,15,15,8,10,0.1389,0,0.469,0.697,0.367,0.010,7.611,0.120,-,E,200
200,15,15,8,10,0.1852,0,0.894,1.122,0.365,0.010,7.289,0.118,I,E,200
250,15,15,8,10,0.2315,0,1.574,1.802,0.362,0.009,6.809,0.119,I,E,200
300,15,15,8,10,0.2778,0,2.348,2.576,0.362,0.010,6.267,0.123,I,E,200
350,15,15,8,10,0.3241,0,3.422,3.650,0.369,0.010,5.558,0.127,I,E,200
400,15,15,8,10,0.3704,0,4.296,4.524,0.368,0.011,4.993,0.118,I,E,200
450,15,15,8,10,0.4167,0,4.392,4.620,0.369,0.011,4.936,0.112,I,E,200
500,15,15,8,10,0.4630,0,4.159,4.387,0.370,0.011,5.069,0.112,I,E,200
0,15,30,8,10,0.0000,0,0.000,0.228,0.373,0.010,8.060,0.120,-,E,200
50,15,30,8,10,0.0231,0,0.024,0.252,0.371,0.010,8.006,0.121,-,E,200
100,15,30,8,10,0.0463,0,0.081,0.309,0.368,0.010,7.934,0.121,-,E,200
150,15,30,8,10,0.0694,0,0.149,0.377,0.367,0.010,7.867,0.122,-,E,200
200,15,30,8,10,0.0926,0,0.229,0.457,0.366,0.010,7.800,0.122,-,E,200
250,15,30,8,10,0.1157,0,0.331,0.559,0.366,0.010,7.719,0.121,-,E,200
300,15,30,8,10,0.1389,0,0.469,0.697,0.367,0.010,7.611,0.120,-,E,200
350,15,30,8,10,0.1620,0,0.657,0.885,0.366,0.010,7.468,0.119,I,E,200
400,15,30,8,10,0.1852,0,0.894,1.122,0.365,0.010,7.289,0.118,I,E,200
450,15,30,8,10,0.2083,0,1.232,1.460,0.364,0.009,7.058,0.119,I,E,200
500,15,30,8,10,0.2315,0,1.574,1.802,0.362,0.009,6.809,0.119,I,E,200
0,15,60,8,10,0.0000,0,0.000,0.228,0.373,0.010,8.060,0.120,-,E,200
50,15,60,8,10,0.0116,0,0.006,0.234,0.372,0.010,8.038,0.120,-,E,200
100,15,60,8,10,0.0231,0,0.024,0.252,0.371,0.010,8.006,0.121,-,E,200
150,15,60,8,10,0.0347,0,0.051,0.279,0.370,0.010,7.970,0.121,-,E,200
200,15,60,8,10,0.0463,0,0.081,0.309,0.368,0.010,7.934,0.121,-,E,200
250,15,60,8,10,0.0579,0,0.114,0.342,0.368,0.010,7.900,0.122,-,E,200
300,15,60,8,10,0.0694,0,0.149,0.377,0.367,0.010,7.867,0.122,-,E,200
350,15,60,8,10,0.0810,0,0.187,0.415,0.367,0.010,7.834,0.122,-,E,200
400,15,60,8,10,0.0926,0,0.229,0.457,0.366,0.010,7.800,0.122,-,E,200
450,15,60,8,10,0.1042,0,0.276,0.504,0.366,0.010,7.762,0.122,-,E,200
500,15,60,8,10,0.1157,0,0.331,0.559,0.366,0.010,7.719,0.121,-,E,200
0,15,120,8,10,0.0000,0,0.000,0.228,0.373,0.010,8.060,0.120,-,E,200
50,15,120,8,10,0.0058,0,0.001,0.229,0.373,0.010,8.051,0.120,-,E,200
100,15,120,8,10,0.0116,0,0.006,0.234,0.372,0.010,8.038,0.120,-,E,200
150,15,120,8,10,0.0174,0,0.014,0.242,0.372,0.010,8.023,0.120,-,E,200
200,15,120,8,10,0.0231,0,0.024,0.252,0.371,0.010,8.006,0.121,-,E,200
250,15,120,8,10,0.0289,0,0.037,0.265,0.370,0.010,7.988,0.121,-,E,200
300,15,120,8,10,0.0347,0,0.051,0.279,0.370,0.010,7.970,0.121,-,E,200
350,15,120,8,10,0.0405,0,0.066,0.294,0.369,0.010,7.952,0.121,-,E,200
400,15,120,8,10,0.0463,0,0.081,0.309,0.368,0.010,7.934,0.121,-,E,200
450,15,120,8,10,0.0521,0,0.098,0.326,0.368,0.010,7.917,0.122,-,E,200
500,15,120,8,10,0.0579,0,0.114,0.342,0.368,0.010,7.900,0.122,-,E,200
0,28,15,8,10,0.0000,0,0.000,0.228,0.373,0.010,8.060,0.120,-,E,200
50,28,15,8,10,0.0864,0,0.206,0.434,0.366,0.010,7.818,0.122,-,E,200
100,28,15,8,10,0.1728,0,0.762,0.990,0.366,0.010,7.388,0.119,I,E,200
150,28,15,8,10,0.2593,0,2.030,2.258,0.362,0.010,6.483,0.122,I,E,200
200,28,15,8,10,0.3457,0,3.919,4.147,0.369,0.011,5.243,0.124,I,E,200
250,28,15,8,10,0.4321,0,4.334,4.562,0.370,0.011,4.974,0.111,I,E,200
300,28,15,8,10,0.5185,1,3.868,4.096,0.370,0.010,5.235,0.115,I,E,200
350,28,15,8,10,0.6049,1,4.413,4.641,0.377,0.010,4.964,0.120,I,E,200
400,28,15,8,10,0.6914,1,5.816,6.044,0.378,0.010,4.204,0.105,I,I,200
450,28,15,8,10,0.7778,1,7.247,7.475,0.391,0.011,3.525,0.091,I,I,200
500,28,15,8,10,0.8642,1,8.243,8.471,0.405,0.012,3.128,0.084,I,I,200
0,28,30,8,10,0.0000,0,0.000,0.228,0.373,0.010,8.060,0.120,-,E,200
50,28,30,8,10,0.0432,0,0.073,0.301,0.369,0.010,7.943,0.121,-,E,200
100,28,30,8,10,0.0864,0,0.206,0.434,0.366,0.010,7.818,0.122,-,E,200
150,28,30,8,10,0.1296,0,0.408,0.636,0.367,0.010,7.658,0.121,-,E,200
200,28,30,8,10,0.1728,0,0.762,0.990,0.366,0.010,7.388,0.119,I,E,200
250,28,30,8,10,0.2160,0,1.345,1.573,0.363,0.009,6.977,0.119,I,E,200
300,28,30,8,10,0.2593,0,2.030,2.258,0.362,0.010,6.483,0.122,I,E,200
350,28,30,8,10,0.3025,0,2.858,3.086,0.368,0.010,5.938,0.126,I,E,200
400,28,30,8,10,0.3457,0,3.919,4.147,0.369,0.011,5.243,0.124,I,E,200
450,28,30,8,10,0.3889,0,4.422,4.650,0.368,0.011,4.919,0.115,I,E,200
500,28,30,8,10,0.4321,0,4.334,4.562,0.370,0.011,4.974,0.111,I,E,200
0,28,60,8,10,0.0000,0,0.000,0.228,0.373,0.010,8.060,0.120,-,E,200
50,28,60,8,10,0.0216,0,0.021,0.249,0.371,0.010,8.011,0.121,-,E,200
100,28,60,8,10,0.0432,0,0.073,0.301,0.369,0.010,7.943,0.121,-,E,200
150,28,60,8,10,0.0648,0,0.135,0.363,0.367,0.010,7.880,0.122,-,E,200
200,28,60,8,10,0.0864,0,0.206,0.434,0.366,0.010,7.818,0.122,-,E,200
250,28,60,8,10,0.1080,0,0.294,0.522,0.366,0.010,7.748,0.121,-,E,200
300,28,60,8,10,0.1296,0,0.408,0.636,0.367,0.010,7.658,0.121,-,E,200
350,28,60,8,10,0.1512,0,0.562,0.790,0.367,0.010,7.540,0.120,I,E,200
400,28,60,8,10,0.1728,0,0.762,0.990,0.366,0.010,7.388,0.119,I,E,200
450,28,60,8,10,0.1944,0,1.002,1.230,0.364,0.010,7.208,0.118,I,E,200
500,28,60,8,10,0.2160,0,1.345,1.573,0.363,0.009,6.977,0.119,I,E,200
0,28,120,8,10,0.0000,0,0.000,0.228,0.373,0.010,8.060,0.120,-,E,200
50,28,120,8,10,0.0108,0,0.005,0.233,0.372,0.010,8.040,0.120,-,E,200
100,28,120,8,10,0.0216,0,0.021,0.249,0.371,0.010,8.011,0.121,-,E,200
150,28,120,8,10,0.0324,0,0.045,0.273,0.370,0.010,7.977,0.121,-,E,200
200,28,120,8,10,0.0432,0,0.073,0.301,0.369,0.010,7.943,0.121,-,E,200
250,28,120,8,10,0.0540,0,0.103,0.331,0.368,0.010,7.911,0.122,-,E,200
300,28,120,8,10,0.0648,0,0.135,0.363,0.367,0.010,7.880,0.122,-,E,200
350,28,120,8,10,0.0756,0,0.169,0.397,0.367,0.010,7.849,0.122,-,E,200
400,28,120,8,10,0.0864,0,0.206,0.434,0.366,0.010,7.818,0.122,-,E,200
450,28,120,8,10,0.0972,0,0.247,0.475,0.366,0.010,7.785,0.122,-,E,200
500,28,120,8,10,0.1080,0,0.294,0.522,0.366,0.010,7.748,0.121,-,E,200
0,3.5,15,16,10,0.0000,0,0.000,0.108,0.846,0.015,14.143,0.106,E,E,200
50,3.5,15,16,10,0.0108,0,0.010,0.118,0.845,0.015,14.131,0.107,E,E,200
100,3.5,15,16,10,0.0216,0,0.033,0.141,0.846,0.016,14.109,0.108,E,E,200
150,3.5,15,16,10,0.0324,0,0.062,0.170,0.847,0.016,14.082,0.109,E,E,200
200,3.5,15,16,10,0.0432,0,0.094,0.202,0.848,0.016,14.055,0.109,E,E,200
250,3.5,15,16,10,0.0540,0,0.127,0.235,0.849,0.016,14.027,0.110,E,E,200
300,3.5,15,16,10,0.0648,0,0.161,0.269,0.850,0.016,13.997,0.110,E,E,200
350,3.5,15,16,10,0.0756,0,0.200,0.308,0.851,0.016,13.963,0.110,E,E,200
400,3.5,15,16,10,0.0864,0,0.243,0.351,0.852,0.016,13.923,0.110,E,E,200
450,3.5,15,16,10,0.0972,0,0.295,0.403,0.853,0.016,13.876,0.110,E,E,200
500,3.5,15,16,10,0.1080,0,0.356,0.464,0.854,0.016,13.819,0.110,E,E,200
0,3.5,30,16,10,0.0000,0,0.000,0.108,0.846,0.015,14.143,0.106,E,E,200
50,3.5,30,16,10,0.0054,0,0.003,0.111,0.845,0.015,14.139,0.106,E,E,200
100,3.5,30,16,10,0.0108,0,0.010,0.118,0.845,0.015,14.131,0.107,E,E,200
150,3.5,30,16,10,0.0162,0,0.020,0.128,0.845,0.015,14.121,0.107,E,E,200
200,3.5,30,16,10,0.0216,0,0.033,0.141,0.846,0.016,14.109,0.108,E,E,200
250,3.5,30,16,10,0.0270,0,0.047,0.155,0.846,0.016,14.096,0.108,E,E,200
300,3.5,30,16,10,0.0324,0,0.062,0.170,0.847,0.016,14.082,0.109,E,E,200
350,3.5,30,16,10,0.0378,0,0.078,0.186,0.847,0.016,14.069,0.109,E,E,200
400,3.5,30,16,10,0.0432,0,0.094,0.202,0.848,0.016,14.055,0.109,E,E,200
450,3.5,30,16,10,0.0486,0,0.110,0.218,0.848,0.016,14.041,0.110,E,E,200
500,3.5,30,16,10,0.0540,0,0.127,0.235,0.849,0.016,14.027,0.110,E,E,200
0,3.5,60,16,10,0.0000,0,0.000,0.108,0.846,0.015,14.143,0.106,E,E,200
50,3.5,60,16,10,0.0027,0,0.001,0.109,0.845,0.015,14.141,0.106,E,E,200
100,3.5,60,16,10,0.0054,0,0.003,0.111,0.845,0.015,14.139,0.106,E,E,200
150,3.5,60,16,10,0.0081,0,0.006,0.114,0.845,0.015,14.135,0.107,E,E,200
200,3.5,60,16,10,0.0108,0,0.010,0.118,0.845,0.015,14.131,0.107,E,E,200
250,3.5,60,16,10,0.0135,0,0.015,0.123,0.845,0.015,14.126,0.107,E,E,200
300,3.5,60,16,10,0.0162,0,0.020,0.128,0.845,0.015,14.121,0.107,E,E,200
350,3.5,60,16,10,0.0189,0,0.026,0.134,0.846,0.016,14.115,0.108,E,E,200
400,3.5,60,16,10,0.0216,0,0.033,0.141,0.846,0.016,14.109,0.108,E,E,200
450,3.5,60,16,10,0.0243,0,0.040,0.148,0.846,0.016,14.102,0.108,E,E,200
500,3.5,60,16,10,0.0270,0,0.047,0.155,0.846,0.016,14.096,0.108,E,E,200
0,3.5,120,16,10,0.0000,0,0.000,0.108,0.846,0.015,14.143,0.106,E,E,200
50,3.5,120,16,10,0.0014,0,0.000,0.108,0.846,0.015,14.142,0.106,E,E,200
100,3.5,120,16,10,0.0027,0,0.001,0.109,0.845,0.015,14.141,0.106,E,E,200
150,3.5,120,16,10,0.0041,0,0.002,0.110,0.845,0.015,14.140,0.106,E,E,200
200,3.5,120,16,10,0.0054,0,0.003,0.111,0.845,0.015,14.139,0.106,E,E,200
250,3.5,120,16,10,0.0068,0,0.004,0.112,0.845,0.015,14.137,0.106,E,E,200
300,3.5,120,16,10,0.0081,0,0.006,0.114,0.845,0.015,14.135,0.107,E,E,200
350,3.5,120,16,10,0.0095,0,0.008,0.116,0.845,0.015,14.133,0.107,E,E,200
400,3.5,120,16,10,0.0108,0,0.010,0.118,0.845,0.015,14.131,0.107,E,E,200
450,3.5,120,16,10,0.0122,0,0.012,0.120,0.845,0.015,14.129,0.107,E,E,200
500,3.5,120,16,10,0.0135,0,0.015,0.123,0.845,0.015,14.126,0.107,E,E,200
0,7,15,16,10,0.0000,0,0.000,0.108,0.846,0.015,14.143,0.106,E,E,200
50,7,15,16,10,0.0216,0,0.033,0.141,0.846,0.016,14.109,0.108,E,E,200
100,7,15,16,10,0.0432,0,0.094,0.202,0.848,0.016,14.055,0.109,E,E,200
150,7,15,16,10,0.0648,0,0.161,0.269,0.850,0.016,13.997,0.110,E,E,200
200,7,15,16,10,0.0864,0,0.243,0.351,0.852,0.016,13.923,0.110,E,E,200
250,7,15,16,10,0.1080,0,0.356,0.464,0.854,0.016,13.819,0.110,E,E,200
300,7,15,16,10,0.1296,0,0.515,0.623,0.857,0.017,13.670,0.108,E,E,200
350,7,15,16,10,0.1512,0,0.733,0.841,0.861,0.017,13.464,0.107,E,E,200
400,7,15,16,10,0.1728,0,1.015,1.123,0.865,0.017,13.199,0.106,I,E,200
450,7,15,16,10,0.1944,0,1.369,1.477,0.871,0.017,12.867,0.108,I,E,200
500,7,15,16,10,0.2160,0,1.785,1.893,0.877,0.018,12.487,0.114,I,E,200
0,7,30,16,10,0.0000,0,0.000,0.108,0.846,0.015,14.143,0.106,E,E,200
50,7,30,16,10,0.0108,0,0.010,0.118,0.845,0.015,14.131,0.107,E,E,200
100,7,30,16,10,0.0216,0,0.033,0.141,0.846,0.016,14.109,0.108,E,E,200
150,7,30,16,10,0.0324,0,0.062,0.170,0.847,0.016,14.082,0.109,E,E,200
200,7,30,16,10,0.0432,0,0.094,0.202,0.848,0.016,14.055,0.109,E,E,200
250,7,30,16,10,0.0540,0,0.127,0.235,0.849,0.016,14.027,0.110,E,E,200
300,7,30,16,10,0.0648,0,0.161,0.269,0.850,0.016,13.997,0.110,E,E,200
350,7,30,16,10,0.0756,0,0.200,0.308,0.851,0.016,13.963,0.110,E,E,200
400,7,30,16,10,0.0864,0,0.243,0.351,0.852,0.016,13.923,0.110,E,E,200
450,7,30,16,10,0.0972,0,0.295,0.403,0.853,0.016,13.876,0.110,E,E,200
500,7,30,16,10,0.1080,0,0.356,0.464,0.854,0.016,13.819,0.110,E,E,200
0,7,60,16,10,0.0000,0,0.000,0.108,0.846,0.015,14.143,0.106,E,E,200
50,7,60,16,10,0.0054,0,0.003,0.111,0.845,0.015,14.139,0.106,E,E,200
100,7,60,16,10,0.0108,0,0.010,0.118,0.845,0.015,14.131,0.107,E,E,200
150,7,60,16,10,0.0162,0,0.020,0.128,0.845,0.015,14.121,0.107,E,E,200
200,7,60,16,10,0.0216,0,0.033,0.141,0.846,0.016,14.109,0.108,E,E,200
250,7,60,16,10,0.0270,0,0.047,0.155,0.846,0.016,14.096,0.108,E,E,200
300,7,60,16,10,0.0324,0,0.062,0.170,0.847,0.016,14.082,0.109,E,E,200
350,7,60,16,10,0.0378,0,0.078,0.186,0.847,0.016,14.069,0.109,E,E,200
400,7,60,16,10,0.0432,0,0.094,0.202,0.848,0.016,14.055,0.109,E,E,200
450,7,60,16,10,0.0486,0,0.110,0.218,0.848,0.016,14.041,0.110,E,E,200
500,7,60,16,10,0.0540,0,0.127,0.235,0.849,0.016,14.027,0.110,E,E,200
0,7,120,16,10,0.0000,0,0.000,0.108,0.846,0.015,14.143,0.106,E,E,200
50,7,120,16,10,0.0027,0,0.001,0.109,0.845,0.015,14.141,0.106,E,E,200
100,7,120,16,10,0.0054,0,0.003,0.111,0.845,0.015,14.139,0.106,E,E,200
150,7,120,16,10,0.0081,0,0.006,0.114,0.845,0.015,14.135,0.107,E,E,200
200,7,120,16,10,0.0108,0,0.010,0.118,0.845,0.015,14.131,0.107,E,E,200
250,7,120,16,10,0.0135,0,0.015,0.123,0.845,0.015,14.126,0.107,E,E,200
300,7,120,16,10,0.0162,0,0.020,0.128,0.845,0.015,14.121,0.107,E,E,200
350,7,120,16,10,0.0189,0,0.026,0.134,0.846,0.016,14.115,0.108,E,E,200
400,7,120,16,10,0.0216,0,0.033,0.141,0.846,0.016,14.109,0.108,E,E,200
450,7,120,16,10,0.0243,0,0.040,0.148,0.846,0.016,14.102,0.108,E,E,200
500,7,120,16,10,0.0270,0,0.047,0.155,0.846,0.016,14.096,0.108,E,E,200
0,15,15,16,10,0.0000,0,0.000,0.108,0.846,0.015,14.143,0.106,E,E,200
50,15,15,16,10,0.0463,0,0.103,0.211,0.848,0.016,14.047,0.110,E,E,200
100,15,15,16,10,0.0926,0,0.271,0.379,0.853,0.016,13.897,0.110,E,E,200
150,15,15,16,10,0.1389,0,0.601,0.709,0.859,0.017,13.589,0.108,E,E,200
200,15,15,16,10,0.1852,0,1.203,1.311,0.868,0.017,13.021,0.106,I,E,200
250,15,15,16,10,0.2315,0,2.071,2.179,0.879,0.018,12.229,0.117,I,E,200
300,15,15,16,10,0.2778,0,2.800,2.908,0.887,0.017,11.589,0.130,I,E,200
350,15,15,16,10,0.3241,0,3.764,3.872,0.861,0.015,10.757,0.138,I,E,200
400,15,15,16,10,0.3704,0,4.968,5.076,0.848,0.014,9.678,0.118,I,E,200
450,15,15,16,10,0.4167,0,4.787,4.895,0.845,0.014,9.826,0.111,I,E,200
500,15,15,16,10,0.4630,0,4.245,4.353,0.848,0.014,10.293,0.113,I,E,200
0,15,30,16,10,0.0000,0,0.000,0.108,0.846,0.015,14.143,0.106,E,E,200
50,15,30,16,10,0.0231,0,0.037,0.145,0.846,0.016,14.105,0.108,E,E,200
100,15,30,16,10,0.0463,0,0.103,0.211,0.848,0.016,14.047,0.110,E,E,200
150,15,30,16,10,0.0694,0,0.177,0.285,0.850,0.016,13.983,0.110,E,E,200
200,15,30,16,10,0.0926,0,0.271,0.379,0.853,0.016,13.897,0.110,E,E,200
250,15,30,16,10,0.1157,0,0.406,0.514,0.855,0.017,13.772,0.109,E,E,200
300,15,30,16,10,0.1389,0,0.601,0.709,0.859,0.017,13.589,0.108,E,E,200
350,15,30,16,10,0.1620,0,0.866,0.974,0.862,0.017,13.339,0.106,I,E,200
400,15,30,16,10,0.1852,0,1.203,1.311,0.868,0.017,13.021,0.106,I,E,200
450,15,30,16,10,0.2083,0,1.636,1.744,0.875,0.018,12.623,0.112,I,E,200
500,15,30,16,10,0.2315,0,2.071,2.179,0.879,0.018,12.229,0.117,I,E,200
0,15,60,16,10,0.0000,0,0.000,0.108,0.846,0.015,14.143,0.106,E,E,200
50,15,60,16,10,0.0116,0,0.011,0.119,0.845,0.015,14.130,0.107,E,E,200
100,15,60,16,10,0.0231,0,0.037,0.145,0.846,0.016,14.105,0.108,E,E,200
150,15,60,16,10,0.0347,0,0.069,0.177,0.847,0.016,14.077,0.109,E,E,200
200,15,60,16,10,0.0463,0,0.103,0.211,0.848,0.016,14.047,0.110,E,E,200
250,15,60,16,10,0.0579,0,0.139,0.247,0.849,0.016,14.017,0.110,E,E,200
300,15,60,16,10,0.0694,0,0.177,0.285,0.850,0.016,13.983,0.110,E,E,200
350,15,60,16,10,0.0810,0,0.221,0.329,0.851,0.016,13.944,0.110,E,E,200
400,15,60,16,10,0.0926,0,0.271,0.379,0.853,0.016,13.897,0.110,E,E,200
450,15,60,16,10,0.1042,0,0.333,0.441,0.854,0.016,13.841,0.110,E,E,200
500,15,60,16,10,0.1157,0,0.406,0.514,0.855,0.017,13.772,0.109,E,E,200
0,15,120,16,10,0.0000,0,0.000,0.108,0.846,0.015,14.143,0.106,E,E,200
50,15,120,16,10,0.0058,0,0.003,0.111,0.845,0.015,14.138,0.106,E,E,200
100,15,120,16,10,0.0116,0,0.011,0.119,0.845,0.015,14.130,0.107,E,E,200
150,15,120,16,10,0.0174,0,0.023,0.131,0.845,0.015,14.118,0.107,E,E,200
200,15,120,16,10,0.0231,0,0.037,0.145,0.846,0.016,14.105,0.108,E,E,200
250,15,120,16,10,0.0289,0,0.052,0.160,0.846,0.016,14.091,0.109,E,E,200
300,15,120,16,10,0.0347,0,0.069,0.177,0.847,0.016,14.077,0.109,E,E,200
350,15,120,16,10,0.0405,0,0.086,0.194,0.848,0.016,14.062,0.109,E,E,200
400,15,120,16,10,0.0463,0,0.103,0.211,0.848,0.016,14.047,0.110,E,E,200
450,15,120,16,10,0.0521,0,0.121,0.229,0.849,0.016,14.032,0.110,E,E,200
500,15,120,16,10,0.0579,0,0.139,0.247,0.849,0.016,14.017,0.110,E,E,200
0,28,15,16,10,0.0000,0,0.000,0.108,0.846,0.015,14.143,0.106,E,E,200
50,28,15,16,10,0.0864,0,0.243,0.351,0.852,0.016,13.923,0.110,E,E,200
100,28,15,16,10,0.1728,0,1.015,1.123,0.865,0.017,13.199,0.106,I,E,200
150,28,15,16,10,0.2593,0,2.541,2.649,0.884,0.018,11.812,0.124,I,E,200
200,28,15,16,10,0.3457,0,4.558,4.666,0.852,0.015,10.050,0.129,I,E,200
250,28,15,16,10,0.4321,0,4.612,4.720,0.845,0.014,9.976,0.111,I,E,200
300,28,15,16,10,0.5185,1,3.853,3.961,0.853,0.014,10.645,0.124,I,E,200
350,28,15,16,10,0.6049,1,4.264,4.372,0.847,0.015,10.302,0.129,I,E,200
400,28,15,16,10,0.6914,1,5.583,5.691,0.860,0.017,9.227,0.128,I,E,200
450,28,15,16,10,0.7778,1,6.678,6.786,0.878,0.017,8.381,0.129,I,E,200
500,28,15,16,10,0.8642,1,8.003,8.111,0.892,0.018,7.375,0.116,I,I,200
0,28,30,16,10,0.0000,0,0.000,0.108,0.846,0.015,14.143,0.106,E,E,200
50,28,30,16,10,0.0432,0,0.094,0.202,0.848,0.016,14.055,0.109,E,E,200
100,28,30,16,10,0.0864,0,0.243,0.351,0.852,0.016,13.923,0.110,E,E,200
150,28,30,16,10,0.1296,0,0.515,0.623,0.857,0.017,13.670,0.108,E,E,200
200,28,30,16,10,0.1728,0,1.015,1.123,0.865,0.017,13.199,0.106,I,E,200
250,28,30,16,10,0.2160,0,1.785,1.893,0.877,0.018,12.487,0.114,I,E,200
300,28,30,16,10,0.2593,0,2.541,2.649,0.884,0.018,11.812,0.124,I,E,200
350,28,30,16,10,0.3025,0,3.157,3.265,0.878,0.016,11.289,0.137,I,E,200
400,28,30,16,10,0.3457,0,4.558,4.666,0.852,0.015,10.050,0.129,I,E,200
450,28,30,16,10,0.3889,0,5.007,5.115,0.846,0.014,9.642,0.116,I,E,200
500,28,30,16,10,0.4321,0,4.612,4.720,0.845,0.014,9.976,0.111,I,E,200
0,28,60,16,10,0.0000,0,0.000,0.108,0.846,0.015,14.143,0.106,E,E,200
50,28,60,16,10,0.0216,0,0.033,0.141,0.846,0.016,14.109,0.108,E,E,200
100,28,60,16,10,0.0432,0,0.094,0.202,0.848,0.016,14.055,0.109,E,E,200
150,28,60,16,10,0.0648,0,0.161,0.269,0.850,0.016,13.997,0.110,E,E,200
200,28,60,16,10,0.0864,0,0.243,0.351,0.852,0.016,13.923,0.110,E,E,200
250,28,60,16,10,0.1080,0,0.356,0.464,0.854,0.016,13.819,0.110,E,E,200
300,28,60,16,10,0.1296,0,0.515,0.623,0.857,0.017,13.670,0.108,E,E,200
350,28,60,16,10,0.1512,0,0.733,0.841,0.861,0.017,13.464,0.107,E,E,200
400,28,60,16,10,0.1728,0,1.015,1.123,0.865,0.017,13.199,0.106,I,E,200
450,28,60,16,10,0.1944,0,1.369,1.477,0.871,0.017,12.867,0.108,I,E,200
500,28,60,16,10,0.2160,0,1.785,1.893,0.877,0.018,12.487,0.114,I,E,200
0,28,120,16,10,0.0000,0,0.000,0.108,0.846,0.015,14.143,0.106,E,E,200
50,28,120,16,10,0.0108,0,0.010,0.118,0.845,0.015,14.131,0.107,E,E,200
100,28,120,16,10,0.0216,0,0.033,0.141,0.846,0.016,14.109,0.108,E,E,200
150,28,120,16,10,0.0324,0,0.062,0.170,0.847,0.016,14.082,0.109,E,E,200
200,28,120,16,10,0.0432,0,0.094,0.202,0.848,0.016,14.055,0.109,E,E,200
250,28,120,16,10,0.0540,0,0.127,0.235,0.849,0.016,14.027,0.110,E,E,200
300,28,120,16,10,0.0648,0,0.161,0.269,0.850,0.016,13.997,0.110,E,E,200
350,28,120,16,10,0.0756,0,0.200,0.308,0.851,0.016,13.963,0.110,E,E,200
400,28,120,16,10,0.0864,0,0.243,0.351,0.852,0.016,13.923,0.110,E,E,200
450,28,120,16,10,0.0972,0,0.295,0.403,0.853,0.016,13.876,0.110,E,E,200
500,28,120,16,10,0.1080,0,0.356,0.464,0.854,0.016,13.819,0.110,E,E,200
0,3.5,15,2,20,0.0000,0,0.000,1.009,0.053,0.003,3.856,0.202,-,E,200
50,3.5,15,2,20,0.0108,0,0.064,1.073,0.054,0.003,3.725,0.198,-,E,200
100,3.5,15,2,20,0.0216,0,0.231,1.240,0.054,0.003,3.565,0.193,-,E,200
150,3.5,15,2,20,0.0324,0,0.450,1.459,0.054,0.003,3.420,0.189,-,E,200
200,3.5,15,2,20,0.0432,0,0.680,1.689,0.053,0.003,3.309,0.185,I,E,200
250,3.5,15,2,20,0.0540,0,0.901,1.910,0.052,0.003,3.225,0.182,I,E,200
300,3.5,15,2,20,0.0648,0,1.108,2.117,0.051,0.003,3.158,0.179,I,E,200
350,3.5,15,2,20,0.0756,0,1.302,2.311,0.050,0.003,3.101,0.177,I,E,200
400,3.5,15,2,20,0.0864,0,1.488,2.497,0.049,0.003,3.048,0.176,I,E,200
450,3.5,15,2,20,0.0972,0,1.670,2.679,0.048,0.003,2.996,0.174,I,E,200
500,3.5,15,2,20,0.1080,0,1.851,2.860,0.048,0.003,2.944,0.173,I,E,200
0,3.5,30,2,20,0.0000,0,0.000,1.009,0.053,0.003,3.856,0.202,-,E,200
50,3.5,30,2,20,0.0054,0,0.016,1.025,0.053,0.003,3.797,0.200,-,E,200
100,3.5,30,2,20,0.0108,0,0.064,1.073,0.054,0.003,3.725,0.198,-,E,200
150,3.5,30,2,20,0.0162,0,0.138,1.147,0.054,0.003,3.645,0.195,-,E,200
200,3.5,30,2,20,0.0216,0,0.231,1.240,0.054,0.003,3.565,0.193,-,E,200
250,3.5,30,2,20,0.0270,0,0.337,1.346,0.054,0.003,3.488,0.191,-,E,200
300,3.5,30,2,20,0.0324,0,0.450,1.459,0.054,0.003,3.420,0.189,-,E,200
350,3.5,30,2,20,0.0378,0,0.565,1.574,0.053,0.003,3.360,0.187,I,E,200
400,3.5,30,2,20,0.0432,0,0.680,1.689,0.053,0.003,3.309,0.185,I,E,200
450,3.5,30,2,20,0.0486,0,0.792,1.801,0.052,0.003,3.264,0.183,I,E,200
500,3.5,30,2,20,0.0540,0,0.901,1.910,0.052,0.003,3.225,0.182,I,E,200
0,3.5,60,2,20,0.0000,0,0.000,1.009,0.053,0.003,3.856,0.202,-,E,200
50,3.5,60,2,20,0.0027,0,0.004,1.013,0.053,0.003,3.828,0.201,-,E,200
100,3.5,60,2,20,0.0054,0,0.016,1.025,0.053,0.003,3.797,0.200,-,E,200
150,3.5,60,2,20,0.0081,0,0.036,1.045,0.054,0.003,3.762,0.199,-,E,200
200,3.5,60,2,20,0.0108,0,0.064,1.073,0.054,0.003,3.725,0.198,-,E,200
250,3.5,60,2,20,0.0135,0,0.098,1.107,0.054,0.003,3.685,0.196,-,E,200
300,3.5,60,2,20,0.0162,0,0.138,1.147,0.054,0.003,3.645,0.195,-,E,200
350,3.5,60,2,20,0.0189,0,0.182,1.191,0.054,0.003,3.605,0.194,-,E,200
400,3.5,60,2,20,0.0216,0,0.231,1.240,0.054,0.003,3.565,0.193,-,E,200
450,3.5,60,2,20,0.0243,0,0.283,1.292,0.054,0.003,3.526,0.192,-,E,200
500,3.5,60,2,20,0.0270,0,0.337,1.346,0.054,0.003,3.488,0.191,-,E,200
0,3.5,120,2,20,0.0000,0,0.000,1.009,0.053,0.003,3.856,0.202,-,E,200
50,3.5,120,2,20,0.0014,0,0.001,1.010,0.053,0.003,3.842,0.201,-,E,200
100,3.5,120,2,20,0.0027,0,0.004,1.013,0.053,0.003,3.828,0.201,-,E,200
150,3.5,120,2,20,0.0041,0,0.009,1.018,0.053,0.003,3.813,0.200,-,E,200
200,3.5,120,2,20,0.0054,0,0.016,1.025,0.053,0.003,3.797,0.200,-,E,200
250,3.5,120,2,20,0.0068,0,0.025,1.034,0.054,0.003,3.780,0.199,-,E,200
300,3.5,120,2,20,0.0081,0,0.036,1.045,0.054,0.003,3.762,0.199,-,E,200
350,3.5,120,2,20,0.0095,0,0.049,1.058,0.054,0.003,3.744,0.198,-,E,200
400,3.5,120,2,20,0.0108,0,0.064,1.073,0.054,0.003,3.725,0.198,-,E,200
450,3.5,120,2,20,0.0122,0,0.080,1.089,0.054,0.003,3.705,0.197,-,E,200
500,3.5,120,2,20,0.0135,0,0.098,1.107,0.054,0.003,3.685,0.196,-,E,200
0,7,15,2,20,0.0000,0,0.000,1.009,0.053,0.003,3.856,0.202,-,E,200
50,7,15,2,20,0.0216,0,0.231,1.240,0.054,0.003,3.565,0.193,-,E,200
100,7,15,2,20,0.0432,0,0.680,1.689,0.053,0.003,3.309,0.185,I,E,200
150,7,15,2,20,0.0648,0,1.108,2.117,0.051,0.003,3.158,0.179,I,E,200
200,7,15,2,20,0.0864,0,1.488,2.497,0.049,0.003,3.048,0.176,I,E,200
250,7,15,2,20,0.1080,0,1.851,2.860,0.048,0.003,2.944,0.173,I,E,200
300,7,15,2,20,0.1296,0,2.219,3.228,0.047,0.003,2.827,0.168,I,E,200
350,7,15,2,20,0.1512,0,2.637,3.646,0.048,0.003,2.675,0.161,I,E,200
400,7,15,2,20,0.1728,0,3.108,4.117,0.048,0.003,2.496,0.152,I,I,200
450,7,15,2,20,0.1944,0,3.643,4.652,0.048,0.003,2.297,0.142,I,I,200
500,7,15,2,20,0.2160,0,4.234,5.243,0.047,0.003,2.091,0.132,I,I,200
0,7,30,2,20,0.0000,0,0.000,1.009,0.053,0.003,3.856,0.202,-,E,200
50,7,30,2,20,0.0108,0,0.064,1.073,0.054,0.003,3.725,0.198,-,E,200
100,7,30,2,20,0.0216,0,0.231,1.240,0.054,0.003,3.565,0.193,-,E,200
150,7,30,2,20,0.0324,0,0.450,1.459,0.054,0.003,3.420,0.189,-,E,200
200,7,30,2,20,0.0432,0,0.680,1.689,0.053,0.003,3.309,0.185,I,E,200
250,7,30,2,20,0.0540,0,0.901,1.910,0.052,0.003,3.225,0.182,I,E,200
300,7,30,2,20,0.0648,0,1.108,2.117,0.051,0.003,3.158,0.179,I,E,200
350,7,30,2,20,0.0756,0,1.302,2.311,0.050,0.003,3.101,0.177,I,E,200
400,7,30,2,20,0.0864,0,1.488,2.497,0.049,0.003,3.048,0.176,I,E,200
450,7,30,2,20,0.0972,0,1.670,2.679,0.048,0.003,2.996,0.174,I,E,200
500,7,30,2,20,0.1080,0,1.851,2.860,0.048,0.003,2.944,0.173,I,E,200
0,7,60,2,20,0.0000,0,0.000,1.009,0.053,0.003,3.856,0.202,-,E,200
50,7,60,2,20,0.0054,0,0.016,1.025,0.053,0.003,3.797,0.200,-,E,200
100,7,60,2,20,0.0108,0,0.064,1.073,0.054,0.003,3.725,0.198,-,E,200
150,7,60,2,20,0.0162,0,0.138,1.147,0.054,0.003,3.645,0.195,-,E,200
200,7,60,2,20,0.0216,0,0.231,1.240,0.054,0.003,3.565,0.193,-,E,200
250,7,60,2,20,0.0270,0,0.337,1.346,0.054,0.003,3.488,0.191,-,E,200
300,7,60,2,20,0.0324,0,0.450,1.459,0.054,0.003,3.420,0.189,-,E,200
350,7,60,2,20,0.0378,0,0.565,1.574,0.053,0.003,3.360,0.187,I,E,200
400,7,60,2,20,0.0432,0,0.680,1.689,0.053,0.003,3.309,0.185,I,E,200
450,7,60,2,20,0.0486,0,0.792,1.801,0.052,0.003,3.264,0.183,I,E,200
500,7,60,2,20,0.0540,0,0.901,1.910,0.052,0.003,3.225,0.182,I,E,200
0,7,120,2,20,0.0000,0,0.000,1.009,0.053,0.003,3.856,0.202,-,E,200
50,7,120,2,20,0.0027,0,0.004,1.013,0.053,0.003,3.828,0.201,-,E,200
100,7,120,2,20,0.0054,0,0.016,1.025,0.053,0.003,3.797,0.200,-,E,200
150,7,120,2,20,0.0081,0,0.036,1.045,0.054,0.003,3.762,0.199,-,E,200
200,7,120,2,20,0.0108,0,0.064,1.073,0.054,0.003,3.725,0.198,-,E,200
250,7,120,2,20,0.0135,0,0.098,1.107,0.054,0.003,3.685,0.196,-,E,200
300,7,120,2,20,0.0162,0,0.138,1.147,0.054,0.003,3.645,0.195,-,E,200
350,7,120,2,20,0.0189,0,0.182,1.191,0.054,0.003,3.605,0.194,-,E,200
400,7,120,2,20,0.0216,0,0.231,1.240,0.054,0.003,3.565,0.193,-,E,200
450,7,120,2,20,0.0243,0,0.283,1.292,0.054,0.003,3.526,0.192,-,E,200
500,7,120,2,20,0.0270,0,0.337,1.346,0.054,0.003,3.488,0.191,-,E,200
0,15,15,2,20,0.0000,0,0.000,1.009,0.053,0.003,3.856,0.202,-,E,200
50,15,15,2,20,0.0463,0,0.745,1.754,0.052,0.003,3.283,0.184,I,E,200
100,15,15,2,20,0.0926,0,1.592,2.601,0.049,0.003,3.018,0.175,I,E,200
150,15,15,2,20,0.1389,0,2.391,3.400,0.048,0.003,2.765,0.165,I,E,200
200,15,15,2,20,0.1852,0,3.399,4.408,0.047,0.003,2.385,0.146,I,I,200
250,15,15,2,20,0.2315,0,4.600,5.609,0.048,0.003,1.960,0.125,I,I,200
300,15,15,2,20,0.2778,0,5.697,6.706,0.048,0.003,1.612,0.111,I,I,200
350,15,15,2,20,0.3241,0,6.640,7.649,0.044,0.003,1.377,0.101,I,I,200
400,15,15,2,20,0.3704,0,7.387,8.396,0.042,0.003,1.180,0.088,I,I,200
450,15,15,2,20,0.4167,0,8.143,9.152,0.045,0.003,1.057,0.081,I,I,200
500,15,15,2,20,0.4630,0,8.784,9.793,0.048,0.003,0.984,0.078,I,I,200
0,15,30,2,20,0.0000,0,0.000,1.009,0.053,0.003,3.856,0.202,-,E,200
50,15,30,2,20,0.0231,0,0.260,1.269,0.054,0.003,3.542,0.192,-,E,200
100,15,30,2,20,0.0463,0,0.745,1.754,0.052,0.003,3.283,0.184,I,E,200
150,15,30,2,20,0.0694,0,1.193,2.202,0.050,0.003,3.133,0.178,I,E,200
200,15,30,2,20,0.0926,0,1.592,2.601,0.049,0.003,3.018,0.175,I,E,200
250,15,30,2,20,0.1157,0,1.980,2.989,0.048,0.003,2.904,0.171,I,E,200
300,15,30,2,20,0.1389,0,2.391,3.400,0.048,0.003,2.765,0.165,I,E,200
350,15,30,2,20,0.1620,0,2.863,3.872,0.048,0.003,2.588,0.157,I,I,200
400,15,30,2,20,0.1852,0,3.399,4.408,0.047,0.003,2.385,0.146,I,I,200
450,15,30,2,20,0.2083,0,4.045,5.054,0.047,0.003,2.160,0.135,I,I,200
500,15,30,2,20,0.2315,0,4.600,5.609,0.048,0.003,1.960,0.125,I,I,200
0,15,60,2,20,0.0000,0,0.000,1.009,0.053,0.003,3.856,0.202,-,E,200
50,15,60,2,20,0.0116,0,0.073,1.082,0.054,0.003,3.714,0.197,-,E,200
100,15,60,2,20,0.0231,0,0.260,1.269,0.054,0.003,3.542,0.192,-,E,200
150,15,60,2,20,0.0347,0,0.499,1.508,0.053,0.003,3.393,0.188,-,E,200
200,15,60,2,20,0.0463,0,0.745,1.754,0.052,0.003,3.283,0.184,I,E,200
250,15,60,2,20,0.0579,0,0.977,1.986,0.051,0.003,3.200,0.181,I,E,200
300,15,60,2,20,0.0694,0,1.193,2.202,0.050,0.003,3.133,0.178,I,E,200
350,15,60,2,20,0.0810,0,1.396,2.405,0.049,0.003,3.074,0.177,I,E,200
400,15,60,2,20,0.0926,0,1.592,2.601,0.049,0.003,3.018,0.175,I,E,200
450,15,60,2,20,0.1042,0,1.787,2.796,0.048,0.003,2.963,0.173,I,E,200
500,15,60,2,20,0.1157,0,1.980,2.989,0.048,0.003,2.904,0.171,I,E,200
0,15,120,2,20,0.0000,0,0.000,1.009,0.053,0.003,3.856,0.202,-,E,200
50,15,120,2,20,0.0058,0,0.019,1.028,0.053,0.003,3.792,0.200,-,E,200
100,15,120,2,20,0.0116,0,0.073,1.082,0.054,0.003,3.714,0.197,-,E,200
150,15,120,2,20,0.0174,0,0.156,1.165,0.054,0.003,3.628,0.195,-,E,200
200,15,120,2,20,0.0231,0,0.260,1.269,0.054,0.003,3.542,0.192,-,E,200
250,15,120,2,20,0.0289,0,0.377,1.386,0.054,0.003,3.463,0.190,-,E,200
300,15,120,2,20,0.0347,0,0.499,1.508,0.053,0.003,3.393,0.188,-,E,200
350,15,120,2,20,0.0405,0,0.623,1.632,0.053,0.003,3.333,0.186,I,E,200
400,15,120,2,20,0.0463,0,0.745,1.754,0.052,0.003,3.283,0.184,I,E,200
450,15,120,2,20,0.0521,0,0.863,1.872,0.052,0.003,3.239,0.182,I,E,200
500,15,120,2,20,0.0579,0,0.977,1.986,0.051,0.003,3.200,0.181,I,E,200
0,28,15,2,20,0.0000,0,0.000,1.009,0.053,0.003,3.856,0.202,-,E,200
50,28,15,2,20,0.0864,0,1.488,2.497,0.049,0.003,3.048,0.176,I,E,200
100,28,15,2,20,0.1728,0,3.108,4.117,0.048,0.003,2.496,0.152,I,I,200
150,28,15,2,20,0.2593,0,5.237,6.246,0.048,0.003,1.743,0.115,I,I,200
200,28,15,2,20,0.3457,0,7.009,8.018,0.044,0.003,1.270,0.096,I,I,200
250,28,15,2,20,0.4321,0,8.347,9.356,0.046,0.003,1.033,0.080,I,I,200
300,28,15,2,20,0.5185,1,9.693,10.702,0.052,0.004,0.864,0.073,I,I,200
350,28,15,2,20,0.6049,1,11.836,12.845,0.055,0.004,0.649,0.054,I,I,200
400,28,15,2,20,0.6914,1,14.300,15.309,0.056,0.005,0.471,0.040,I,I,200
450,28,15,2,20,0.7778,1,16.500,17.509,0.059,0.005,0.383,0.036,I,I,200
500,28,15,2,20,0.8642,1,17.959,18.968,0.066,0.005,0.360,0.036,I,I,200
0,28,30,2,20,0.0000,0,0.000,1.009,0.053,0.003,3.856,0.202,-,E,200
50,28,30,2,20,0.0432,0,0.680,1.689,0.053,0.003,3.309,0.185,I,E,200
100,28,30,2,20,0.0864,0,1.488,2.497,0.049,0.003,3.048,0.176,I,E,200
150,28,30,2,20,0.1296,0,2.219,3.228,0.047,0.003,2.827,0.168,I,E,200
200,28,30,2,20,0.1728,0,3.108,4.117,0.048,0.003,2.496,0.152,I,I,200
250,28,30,2,20,0.2160,0,4.234,5.243,0.047,0.003,2.091,0.132,I,I,200
300,28,30,2,20,0.2593,0,5.237,6.246,0.048,0.003,1.743,0.115,I,I,200
350,28,30,2,20,0.3025,0,6.242,7.251,0.046,0.003,1.471,0.106,I,I,200
400,28,30,2,20,0.3457,0,7.009,8.018,0.044,0.003,1.270,0.096,I,I,200
450,28,30,2,20,0.3889,0,7.677,8.686,0.042,0.003,1.116,0.084,I,I,200
500,28,30,2,20,0.4321,0,8.347,9.356,0.046,0.003,1.033,0.080,I,I,200
0,28,60,2,20,0.0000,0,0.000,1.009,0.053,0.003,3.856,0.202,-,E,200
50,28,60,2,20,0.0216,0,0.231,1.240,0.054,0.003,3.565,0.193,-,E,200
100,28,60,2,20,0.0432,0,0.680,1.689,0.053,0.003,3.309,0.185,I,E,200
150,28,60,2,20,0.0648,0,1.108,2.117,0.051,0.003,3.158,0.179,I,E,200
200,28,60,2,20,0.0864,0,1.488,2.497,0.049,0.003,3.048,0.176,I,E,200
250,28,60,2,20,0.1080,0,1.851,2.860,0.048,0.003,2.944,0.173,I,E,200
300,28,60,2,20,0.1296,0,2.219,3.228,0.047,0.003,2.827,0.168,I,E,200
350,28,60,2,20,0.1512,0,2.637,3.646,0.048,0.003,2.675,0.161,I,E,200
400,28,60,2,20,0.1728,0,3.108,4.117,0.048,0.003,2.496,0.152,I,I,200
450,28,60,2,20,0.1944,0,3.643,4.652,0.048,0.003,2.297,0.142,I,I,200
500,28,60,2,20,0.2160,0,4.234,5.243,0.047,0.003,2.091,0.132,I,I,200
0,28,120,2,20,0.0000,0,0.000,1.009,0.053,0.003,3.856,0.202,-,E,200
50,28,120,2,20,0.0108,0,0.064,1.073,0.054,0.003,3.725,0.198,-,E,200
100,28,120,2,20,0.0216,0,0.231,1.240,0.054,0.003,3.565,0.193,-,E,200
150,28,120,2,20,0.0324,0,0.450,1.459,0.054,0.003,3.420,0.189,-,E,200
200,28,120,2,20,0.0432,0,0.680,1.689,0.053,0.003,3.309,0.185,I,E,200
250,28,120,2,20,0.0540,0,0.901,1.910,0.052,0.003,3.225,0.182,I,E,200
300,28,120,2,20,0.0648,0,1.108,2.117,0.051,0.003,3.158,0.179,I,E,200
350,28,120,2,20,0.0756,0,1.302,2.311,0.050,0.003,3.101,0.177,I,E,200
400,28,120,2,20,0.0864,0,1.488,2.497,0.049,0.003,3.048,0.176,I,E,200
450,28,120,2,20,0.0972,0,1.670,2.679,0.048,0.003,2.996,0.174,I,E,200
500,28,120,2,20,0.1080,0,1.851,2.860,0.048,0.003,2.944,0.173,I,E,200
0,3.5,15,4,20,0.0000,0,0.000,0.517,0.150,0.006,10.645,0.208,-,E,200
50,3.5,15,4,20,0.0108,0,0.063,0.580,0.154,0.006,10.642,0.210,-,E,200
100,3.5,15,4,20,0.0216,0,0.211,0.728,0.156,0.007,10.514,0.213,-,E,200
150,3.5,15,4,20,0.0324,0,0.370,0.887,0.156,0.007,10.357,0.215,-,E,200
200,3.5,15,4,20,0.0432,0,0.509,1.026,0.156,0.007,10.214,0.216,I,E,200
250,3.5,15,4,20,0.0540,0,0.623,1.140,0.156,0.007,10.092,0.216,I,E,200
300,3.5,15,4,20,0.0648,0,0.721,1.238,0.155,0.007,9.987,0.217,I,E,200
350,3.5,15,4,20,0.0756,0,0.811,1.328,0.155,0.007,9.891,0.217,I,E,200
400,3.5,15,4,20,0.0864,0,0.901,1.418,0.154,0.007,9.796,0.217,I,E,200
450,3.5,15,4,20,0.0972,0,0.999,1.516,0.154,0.007,9.697,0.217,I,E,200
500,3.5,15,4,20,0.1080,0,1.110,1.627,0.154,0.007,9.587,0.216,I,E,200
0,3.5,30,4,20,0.0000,0,0.000,0.517,0.150,0.006,10.645,0.208,-,E,200
50,3.5,30,4,20,0.0054,0,0.016,0.533,0.152,0.006,10.666,0.209,-,E,200
100,3.5,30,4,20,0.0108,0,0.063,0.580,0.154,0.006,10.642,0.210,-,E,200
150,3.5,30,4,20,0.0162,0,0.132,0.649,0.155,0.007,10.587,0.211,-,E,200
200,3.5,30,4,20,0.0216,0,0.211,0.728,0.156,0.007,10.514,0.213,-,E,200
250,3.5,30,4,20,0.0270,0,0.293,0.810,0.156,0.007,10.435,0.214,-,E,200
300,3.5,30,4,20,0.0324,0,0.370,0.887,0.156,0.007,10.357,0.215,-,E,200
350,3.5,30,4,20,0.0378,0,0.443,0.960,0.156,0.007,10.283,0.215,-,E,200
400,3.5,30,4,20,0.0432,0,0.509,1.026,0.156,0.007,10.214,0.216,I,E,200
450,3.5,30,4,20,0.0486,0,0.569,1.086,0.156,0.007,10.151,0.216,I,E,200
500,3.5,30,4,20,0.0540,0,0.623,1.140,0.156,0.007,10.092,0.216,I,E,200
0,3.5,60,4,20,0.0000,0,0.000,0.517,0.150,0.006,10.645,0.208,-,E,200
50,3.5,60,4,20,0.0027,0,0.003,0.520,0.151,0.006,10.662,0.208,-,E,200
100,3.5,60,4,20,0.0054,0,0.016,0.533,0.152,0.006,10.666,0.209,-,E,200
150,3.5,60,4,20,0.0081,0,0.036,0.553,0.153,0.006,10.659,0.209,-,E,200
200,3.5,60,4,20,0.0108,0,0.063,0.580,0.154,0.006,10.642,0.210,-,E,200
250,3.5,60,4,20,0.0135,0,0.096,0.613,0.154,0.006,10.617,0.211,-,E,200
300,3.5,60,4,20,0.0162,0,0.132,0.649,0.155,0.007,10.587,0.211,-,E,200
350,3.5,60,4,20,0.0189,0,0.171,0.688,0.155,0.007,10.552,0.212,-,E,200
400,3.5,60,4,20,0.0216,0,0.211,0.728,0.156,0.007,10.514,0.213,-,E,200
450,3.5,60,4,20,0.0243,0,0.252,0.769,0.156,0.007,10.475,0.213,-,E,200
500,3.5,60,4,20,0.0270,0,0.293,0.810,0.156,0.007,10.435,0.214,-,E,200
0,3.5,120,4,20,0.0000,0,0.000,0.517,0.150,0.006,10.645,0.208,-,E,200
50,3.5,120,4,20,0.0014,0,0.001,0.518,0.151,0.006,10.655,0.208,-,E,200
100,3.5,120,4,20,0.0027,0,0.003,0.520,0.151,0.006,10.662,0.208,-,E,200
150,3.5,120,4,20,0.0041,0,0.009,0.526,0.152,0.006,10.665,0.208,-,E,200
200,3.5,120,4,20,0.0054,0,0.016,0.533,0.152,0.006,10.666,0.209,-,E,200
250,3.5,120,4,20,0.0068,0,0.025,0.542,0.152,0.006,10.664,0.209,-,E,200
300,3.5,120,4,20,0.0081,0,0.036,0.553,0.153,0.006,10.659,0.209,-,E,200
350,3.5,120,4,20,0.0095,0,0.049,0.566,0.153,0.006,10.652,0.210,-,E,200
400,3.5,120,4,20,0.0108,0,0.063,0.580,0.154,0.006,10.642,0.210,-,E,200
450,3.5,120,4,20,0.0122,0,0.079,0.596,0.154,0.006,10.631,0.210,-,E,200
500,3.5,120,4,20,0.0135,0,0.096,0.613,0.154,0.006,10.617,0.211,-,E,200
0,7,15,4,20,0.0000,0,0.000,0.517,0.150,0.006,10.645,0.208,-,E,200
50,7,15,4,20,0.0216,0,0.211,0.728,0.156,0.007,10.514,0.213,-,E,200
100,7,15,4,20,0.0432,0,0.509,1.026,0.156,0.007,10.214,0.216,I,E,200
150,7,15,4,20,0.0648,0,0.721,1.238,0.155,0.007,9.987,0.217,I,E,200
200,7,15,4,20,0.0864,0,0.901,1.418,0.154,0.007,9.796,0.217,I,E,200
250,7,15,4,20,0.1080,0,1.110,1.627,0.154,0.007,9.587,0.216,I,E,200
300,7,15,4,20,0.1296,0,1.389,1.906,0.154,0.007,9.317,0.215,I,E,200
350,7,15,4,20,0.1512,0,1.769,2.286,0.154,0.007,8.961,0.212,I,E,200
400,7,15,4,20,0.1728,0,2.268,2.785,0.154,0.006,8.521,0.209,I,E,200
450,7,15,4,20,0.1944,0,2.839,3.356,0.153,0.006,8.040,0.206,I,E,200
500,7,15,4,20,0.2160,0,3.505,4.022,0.150,0.006,7.507,0.205,I,E,200
0,7,30,4,20,0.0000,0,0.000,0.517,0.150,0.006,10.645,0.208,-,E,200
50,7,30,4,20,0.0108,0,0.063,0.580,0.154,0.006,10.642,0.210,-,E,200
100,7,30,4,20,0.0216,0,0.211,0.728,0.156,0.007,10.514,0.213,-,E,200
150,7,30,4,20,0.0324,0,0.370,0.887,0.156,0.007,10.357,0.215,-,E,200
200,7,30,4,20,0.0432,0,0.509,1.026,0.156,0.007,10.214,0.216,I,E,200
250,7,30,4,20,0.0540,0,0.623,1.140,0.156,0.007,10.092,0.216,I,E,200
300,7,30,4,20,0.0648,0,0.721,1.238,0.155,0.007,9.987,0.217,I,E,200
350,7,30,4,20,0.0756,0,0.811,1.328,0.155,0.007,9.891,0.217,I,E,200
400,7,30,4,20,0.0864,0,0.901,1.418,0.154,0.007,9.796,0.217,I,E,200
450,7,30,4,20,0.0972,0,0.999,1.516,0.154,0.007,9.697,0.217,I,E,200
500,7,30,4,20,0.1080,0,1.110,1.627,0.154,0.007,9.587,0.216,I,E,200
0,7,60,4,20,0.0000,0,0.000,0.517,0.150,0.006,10.645,0.208,-,E,200
50,7,60,4,20,0.0054,0,0.016,0.533,0.152,0.006,10.666,0.209,-,E,200
100,7,60,4,20,0.0108,0,0.063,0.580,0.154,0.006,10.642,0.210,-,E,200
150,7,60,4,20,0.0162,0,0.132,0.649,0.155,0.007,10.587,0.211,-,E,200
200,7,60,4,20,0.0216,0,0.211,0.728,0.156,0.007,10.514,0.213,-,E,200
250,7,60,4,20,0.0270,0,0.293,0.810,0.156,0.007,10.435,0.214,-,E,200
300,7,60,4,20,0.0324,0,0.370,0.887,0.156,0.007,10.357,0.215,-,E,200
350,7,60,4,20,0.0378,0,0.443,0.960,0.156,0.007,10.283,0.215,-,E,200
400,7,60,4,20,0.0432,0,0.509,1.026,0.156,0.007,10.214,0.216,I,E,200
450,7,60,4,20,0.0486,0,0.569,1.086,0.156,0.007,10.151,0.216,I,E,200
500,7,60,4,20,0.0540,0,0.623,1.140,0.156,0.007,10.092,0.216,I,E,200
0,7,120,4,20,0.0000,0,0.000,0.517,0.150,0.006,10.645,0.208,-,E,200
50,7,120,4,20,0.0027,0,0.003,0.520,0.151,0.006,10.662,0.208,-,E,200
100,7,120,4,20,0.0054,0,0.016,0.533,0.152,0.006,10.666,0.209,-,E,200
150,7,120,4,20,0.0081,0,0.036,0.553,0.153,0.006,10.659,0.209,-,E,200
200,7,120,4,20,0.0108,0,0.063,0.580,0.154,0.006,10.642,0.210,-,E,200
250,7,120,4,20,0.0135,0,0.096,0.613,0.154,0.006,10.617,0.211,-,E,200
300,7,120,4,20,0.0162,0,0.132,0.649,0.155,0.007,10.587,0.211,-,E,200
350,7,120,4,20,0.0189,0,0.171,0.688,0.155,0.007,10.552,0.212,-,E,200
400,7,120,4,20,0.0216,0,0.211,0.728,0.156,0.007,10.514,0.213,-,E,200
450,7,120,4,20,0.0243,0,0.252,0.769,0.156,0.007,10.475,0.213,-,E,200
500,7,120,4,20,0.0270,0,0.293,0.810,0.156,0.007,10.435,0.214,-,E,200
0,15,15,4,20,0.0000,0,0.000,0.517,0.150,0.006,10.645,0.208,-,E,200
50,15,15,4,20,0.0463,0,0.544,1.061,0.156,0.007,10.177,0.216,I,E,200
100,15,15,4,20,0.0926,0,0.956,1.473,0.154,0.007,9.740,0.217,I,E,200
150,15,15,4,20,0.1389,0,1.538,2.055,0.154,0.007,9.176,0.213,I,E,200
200,15,15,4,20,0.1852,0,2.586,3.103,0.154,0.006,8.250,0.207,I,E,200
250,15,15,4,20,0.2315,0,3.950,4.467,0.148,0.006,7.155,0.205,I,E,200
300,15,15,4,20,0.2778,0,5.192,5.709,0.150,0.006,6.277,0.211,I,E,200
350,15,15,4,20,0.3241,0,6.004,6.521,0.158,0.006,5.814,0.213,I,I,200
400,15,15,4,20,0.3704,0,6.580,7.097,0.162,0.006,5.487,0.202,I,I,200
450,15,15,4,20,0.4167,0,6.529,7.046,0.165,0.006,5.511,0.195,I,I,200
500,15,15,4,20,0.4630,0,6.441,6.958,0.164,0.006,5.571,0.196,I,I,200
0,15,30,4,20,0.0000,0,0.000,0.517,0.150,0.006,10.645,0.208,-,E,200
50,15,30,4,20,0.0231,0,0.235,0.752,0.156,0.007,10.492,0.213,-,E,200
100,15,30,4,20,0.0463,0,0.544,1.061,0.156,0.007,10.177,0.216,I,E,200
150,15,30,4,20,0.0694,0,0.760,1.277,0.155,0.007,9.945,0.217,I,E,200
200,15,30,4,20,0.0926,0,0.956,1.473,0.154,0.007,9.740,0.217,I,E,200
250,15,30,4,20,0.1157,0,1.199,1.716,0.154,0.007,9.499,0.216,I,E,200
300,15,30,4,20,0.1389,0,1.538,2.055,0.154,0.007,9.176,0.213,I,E,200
350,15,30,4,20,0.1620,0,2.007,2.524,0.154,0.006,8.748,0.211,I,E,200
400,15,30,4,20,0.1852,0,2.586,3.103,0.154,0.006,8.250,0.207,I,E,200
450,15,30,4,20,0.2083,0,3.260,3.777,0.151,0.006,7.703,0.205,I,E,200
500,15,30,4,20,0.2315,0,3.950,4.467,0.148,0.006,7.155,0.205,I,E,200
0,15,60,4,20,0.0000,0,0.000,0.517,0.150,0.006,10.645,0.208,-,E,200
50,15,60,4,20,0.0116,0,0.072,0.589,0.154,0.006,10.636,0.210,-,E,200
100,15,60,4,20,0.0231,0,0.235,0.752,0.156,0.007,10.492,0.213,-,E,200
150,15,60,4,20,0.0347,0,0.402,0.919,0.156,0.007,10.325,0.215,-,E,200
200,15,60,4,20,0.0463,0,0.544,1.061,0.156,0.007,10.177,0.216,I,E,200
250,15,60,4,20,0.0579,0,0.659,1.176,0.155,0.007,10.053,0.216,I,E,200
300,15,60,4,20,0.0694,0,0.760,1.277,0.155,0.007,9.945,0.217,I,E,200
350,15,60,4,20,0.0810,0,0.856,1.373,0.155,0.007,9.844,0.217,I,E,200
400,15,60,4,20,0.0926,0,0.956,1.473,0.154,0.007,9.740,0.217,I,E,200
450,15,60,4,20,0.1042,0,1.068,1.585,0.154,0.007,9.628,0.216,I,E,200
500,15,60,4,20,0.1157,0,1.199,1.716,0.154,0.007,9.499,0.216,I,E,200
0,15,120,4,20,0.0000,0,0.000,0.517,0.150,0.006,10.645,0.208,-,E,200
50,15,120,4,20,0.0058,0,0.018,0.535,0.152,0.006,10.666,0.209,-,E,200
100,15,120,4,20,0.0116,0,0.072,0.589,0.154,0.006,10.636,0.210,-,E,200
150,15,120,4,20,0.0174,0,0.149,0.666,0.155,0.007,10.572,0.212,-,E,200
200,15,120,4,20,0.0231,0,0.235,0.752,0.156,0.007,10.492,0.213,-,E,200
250,15,120,4,20,0.0289,0,0.321,0.838,0.156,0.007,10.407,0.214,-,E,200
300,15,120,4,20,0.0347,0,0.402,0.919,0.156,0.007,10.325,0.215,-,E,200
350,15,120,4,20,0.0405,0,0.477,0.994,0.156,0.007,10.248,0.216,-,E,200
400,15,120,4,20,0.0463,0,0.544,1.061,0.156,0.007,10.177,0.216,I,E,200
450,15,120,4,20,0.0521,0,0.604,1.121,0.156,0.007,10.113,0.216,I,E,200
500,15,120,4,20,0.0579,0,0.659,1.176,0.155,0.007,10.053,0.216,I,E,200
0,28,15,4,20,0.0000,0,0.000,0.517,0.150,0.006,10.645,0.208,-,E,200
50,28,15,4,20,0.0864,0,0.901,1.418,0.154,0.007,9.796,0.217,I,E,200
100,28,15,4,20,0.1728,0,2.268,2.785,0.154,0.006,8.521,0.209,I,E,200
150,28,15,4,20,0.2593,0,4.789,5.306,0.146,0.006,6.549,0.208,I,E,200
200,28,15,4,20,0.3457,0,6.295,6.812,0.161,0.006,5.658,0.205,I,I,200
250,28,15,4,20,0.4321,0,6.460,6.977,0.164,0.006,5.545,0.194,I,I,200
300,28,15,4,20,0.5185,1,6.471,6.988,0.163,0.006,5.541,0.197,I,I,200
350,28,15,4,20,0.6049,1,7.765,8.282,0.156,0.006,4.805,0.183,I,I,200
400,28,15,4,20,0.6914,1,9.482,9.999,0.159,0.006,3.945,0.166,I,I,200
450,28,15,4,20,0.7778,1,10.830,11.347,0.162,0.006,3.435,0.161,I,I,200
500,28,15,4,20,0.8642,1,12.249,12.766,0.176,0.008,2.813,0.136,I,I,200
0,28,30,4,20,0.0000,0,0.000,0.517,0.150,0.006,10.645,0.208,-,E,200
50,28,30,4,20,0.0432,0,0.509,1.026,0.156,0.007,10.214,0.216,I,E,200
100,28,30,4,20,0.0864,0,0.901,1.418,0.154,0.007,9.796,0.217,I,E,200
150,28,30,4,20,0.1296,0,1.389,1.906,0.154,0.007,9.317,0.215,I,E,200
200,28,30,4,20,0.1728,0,2.268,2.785,0.154,0.006,8.521,0.209,I,E,200
250,28,30,4,20,0.2160,0,3.505,4.022,0.150,0.006,7.507,0.205,I,E,200
300,28,30,4,20,0.2593,0,4.789,5.306,0.146,0.006,6.549,0.208,I,E,200
350,28,30,4,20,0.3025,0,5.632,6.149,0.155,0.006,6.006,0.214,I,E,200
400,28,30,4,20,0.3457,0,6.295,6.812,0.161,0.006,5.658,0.205,I,I,200
450,28,30,4,20,0.3889,0,6.630,7.147,0.163,0.006,5.454,0.199,I,I,200
500,28,30,4,20,0.4321,0,6.460,6.977,0.164,0.006,5.545,0.194,I,I,200
0,28,60,4,20,0.0000,0,0.000,0.517,0.150,0.006,10.645,0.208,-,E,200
50,28,60,4,20,0.0216,0,0.211,0.728,0.156,0.007,10.514,0.213,-,E,200
100,28,60,4,20,0.0432,0,0.509,1.026,0.156,0.007,10.214,0.216,I,E,200
150,28,60,4,20,0.0648,0,0.721,1.238,0.155,0.007,9.987,0.217,I,E,200
200,28,60,4,20,0.0864,0,0.901,1.418,0.154,0.007,9.796,0.217,I,E,200
250,28,60,4,20,0.1080,0,1.110,1.627,0.154,0.007,9.587,0.216,I,E,200
300,28,60,4,20,0.1296,0,1.389,1.906,0.154,0.007,9.317,0.215,I,E,200
350,28,60,4,20,0.1512,0,1.769,2.286,0.154,0.007,8.961,0.212,I,E,200
400,28,60,4,20,0.1728,0,2.268,2.785,0.154,0.006,8.521,0.209,I,E,200
450,28,60,4,20,0.1944,0,2.839,3.356,0.153,0.006,8.040,0.206,I,E,200
500,28,60,4,20,0.2160,0,3.505,4.022,0.150,0.006,7.507,0.205,I,E,200
0,28,120,4,20,0.0000,0,0.000,0.517,0.150,0.006,10.645,0.208,-,E,200
50,28,120,4,20,0.0108,0,0.063,0.580,0.154,0.006,10.642,0.210,-,E,200
100,28,120,4,20,0.0216,0,0.211,0.728,0.156,0.007,10.514,0.213,-,E,200
150,28,120,4,20,0.0324,0,0.370,0.887,0.156,0.007,10.357,0.215,-,E,200
200,28,120,4,20,0.0432,0,0.509,1.026,0.156,0.007,10.214,0.216,I,E,200
250,28,120,4,20,0.0540,0,0.623,1.140,0.156,0.007,10.092,0.216,I,E,200
300,28,120,4,20,0.0648,0,0.721,1.238,0.155,0.007,9.987,0.217,I,E,200
350,28,120,4,20,0.0756,0,0.811,1.328,0.155,0.007,9.891,0.217,I,E,200
400,28,120,4,20,0.0864,0,0.901,1.418,0.154,0.007,9.796,0.217,I,E,200
450,28,120,4,20,0.0972,0,0.999,1.516,0.154,0.007,9.697,0.217,I,E,200
500,28,120,4,20,0.1080,0,1.110,1.627,0.154,0.007,9.587,0.216,I,E,200
0,3.5,15,8,20,0.0000,0,0.000,0.227,0.369,0.010,17.219,0.142,-,E,200
50,3.5,15,8,20,0.0108,0,0.051,0.278,0.367,0.010,17.117,0.144,-,E,200
100,3.5,15,8,20,0.0216,0,0.138,0.365,0.364,0.010,17.004,0.147,-,E,200
150,3.5,15,8,20,0.0324,0,0.211,0.438,0.364,0.010,16.930,0.148,-,E,200
200,3.5,15,8,20,0.0432,0,0.268,0.495,0.363,0.010,16.879,0.149,-,E,200
250,3.5,15,8,20,0.0540,0,0.319,0.546,0.363,0.010,16.835,0.150,-,E,200
300,3.5,15,8,20,0.0648,0,0.376,0.603,0.363,0.010,16.785,0.151,-,E,200
350,3.5,15,8,20,0.0756,0,0.447,0.674,0.363,0.010,16.720,0.151,-,E,200
400,3.5,15,8,20,0.0864,0,0.540,0.767,0.363,0.010,16.632,0.150,I,E,200
450,3.5,15,8,20,0.0972,0,0.662,0.889,0.362,0.010,16.515,0.149,I,E,200
500,3.5,15,8,20,0.1080,0,0.818,1.045,0.362,0.010,16.365,0.148,I,E,200
0,3.5,30,8,20,0.0000,0,0.000,0.227,0.369,0.010,17.219,0.142,-,E,200
50,3.5,30,8,20,0.0054,0,0.014,0.241,0.368,0.010,17.178,0.143,-,E,200
100,3.5,30,8,20,0.0108,0,0.051,0.278,0.367,0.010,17.117,0.144,-,E,200
150,3.5,30,8,20,0.0162,0,0.095,0.322,0.365,0.010,17.056,0.145,-,E,200
200,3.5,30,8,20,0.0216,0,0.138,0.365,0.364,0.010,17.004,0.147,-,E,200
250,3.5,30,8,20,0.0270,0,0.177,0.404,0.364,0.010,16.963,0.148,-,E,200
300,3.5,30,8,20,0.0324,0,0.211,0.438,0.364,0.010,16.930,0.148,-,E,200
350,3.5,30,8,20,0.0378,0,0.241,0.468,0.363,0.010,16.903,0.149,-,E,200
400,3.5,30,8,20,0.0432,0,0.268,0.495,0.363,0.010,16.879,0.149,-,E,200
450,3.5,30,8,20,0.0486,0,0.293,0.520,0.363,0.010,16.857,0.150,-,E,200
500,3.5,30,8,20,0.0540,0,0.319,0.546,0.363,0.010,16.835,0.150,-,E,200
0,3.5,60,8,20,0.0000,0,0.000,0.227,0.369,0.010,17.219,0.142,-,E,200
50,3.5,60,8,20,0.0027,0,0.004,0.231,0.369,0.010,17.202,0.142,-,E,200
100,3.5,60,8,20,0.0054,0,0.014,0.241,0.368,0.010,17.178,0.143,-,E,200
150,3.5,60,8,20,0.0081,0,0.031,0.258,0.367,0.010,17.149,0.143,-,E,200
200,3.5,60,8,20,0.0108,0,0.051,0.278,0.367,0.010,17.117,0.144,-,E,200
250,3.5,60,8,20,0.0135,0,0.072,0.299,0.366,0.010,17.086,0.145,-,E,200
300,3.5,60,8,20,0.0162,0,0.095,0.322,0.365,0.010,17.056,0.145,-,E,200
350,3.5,60,8,20,0.0189,0,0.117,0.344,0.365,0.010,17.029,0.146,-,E,200
400,3.5,60,8,20,0.0216,0,0.138,0.365,0.364,0.010,17.004,0.147,-,E,200
450,3.5,60,8,20,0.0243,0,0.158,0.385,0.364,0.010,16.982,0.147,-,E,200
500,3.5,60,8,20,0.0270,0,0.177,0.404,0.364,0.010,16.963,0.148,-,E,200
0,3.5,120,8,20,0.0000,0,0.000,0.227,0.369,0.010,17.219,0.142,-,E,200
50,3.5,120,8,20,0.0014,0,0.001,0.228,0.369,0.010,17.212,0.142,-,E,200
100,3.5,120,8,20,0.0027,0,0.004,0.231,0.369,0.010,17.202,0.142,-,E,200
150,3.5,120,8,20,0.0041,0,0.008,0.235,0.369,0.010,17.191,0.143,-,E,200
200,3.5,120,8,20,0.0054,0,0.014,0.241,0.368,0.010,17.178,0.143,-,E,200
250,3.5,120,8,20,0.0068,0,0.022,0.249,0.368,0.010,17.164,0.143,-,E,200
300,3.5,120,8,20,0.0081,0,0.031,0.258,0.367,0.010,17.149,0.143,-,E,200
350,3.5,120,8,20,0.0095,0,0.040,0.267,0.367,0.010,17.133,0.144,-,E,200
400,3.5,120,8,20,0.0108,0,0.051,0.278,0.367,0.010,17.117,0.144,-,E,200
450,3.5,120,8,20,0.0122,0,0.061,0.288,0.366,0.010,17.101,0.144,-,E,200
500,3.5,120,8,20,0.0135,0,0.072,0.299,0.366,0.010,17.086,0.145,-,E,200
0,7,15,8,20,0.0000,0,0.000,0.227,0.369,0.010,17.219,0.142,-,E,200
50,7,15,8,20,0.0216,0,0.138,0.365,0.364,0.010,17.004,0.147,-,E,200
100,7,15,8,20,0.0432,0,0.268,0.495,0.363,0.010,16.879,0.149,-,E,200
150,7,15,8,20,0.0648,0,0.376,0.603,0.363,0.010,16.785,0.151,-,E,200
200,7,15,8,20,0.0864,0,0.540,0.767,0.363,0.010,16.632,0.150,I,E,200
250,7,15,8,20,0.1080,0,0.818,1.045,0.362,0.010,16.365,0.148,I,E,200
300,7,15,8,20,0.1296,0,1.239,1.466,0.361,0.010,15.958,0.143,I,E,200
350,7,15,8,20,0.1512,0,1.800,2.027,0.359,0.009,15.416,0.141,I,E,200
400,7,15,8,20,0.1728,0,2.434,2.661,0.357,0.009,14.811,0.143,I,E,200
450,7,15,8,20,0.1944,0,3.046,3.273,0.355,0.009,14.231,0.144,I,E,200
500,7,15,8,20,0.2160,0,3.716,3.943,0.353,0.009,13.624,0.161,I,E,200
0,7,30,8,20,0.0000,0,0.000,0.227,0.369,0.010,17.219,0.142,-,E,200
50,7,30,8,20,0.0108,0,0.051,0.278,0.367,0.010,17.117,0.144,-,E,200
100,7,30,8,20,0.0216,0,0.138,0.365,0.364,0.010,17.004,0.147,-,E,200
150,7,30,8,20,0.0324,0,0.211,0.438,0.364,0.010,16.930,0.148,-,E,200
200,7,30,8,20,0.0432,0,0.268,0.495,0.363,0.010,16.879,0.149,-,E,200
250,7,30,8,20,0.0540,0,0.319,0.546,0.363,0.010,16.835,0.150,-,E,200
300,7,30,8,20,0.0648,0,0.376,0.603,0.363,0.010,16.785,0.151,-,E,200
350,7,30,8,20,0.0756,0,0.447,0.674,0.363,0.010,16.720,0.151,-,E,200
400,7,30,8,20,0.0864,0,0.540,0.767,0.363,0.010,16.632,0.150,I,E,200
450,7,30,8,20,0.0972,0,0.662,0.889,0.362,0.010,16.515,0.149,I,E,200
500,7,30,8,20,0.1080,0,0.818,1.045,0.362,0.010,16.365,0.148,I,E,200
0,7,60,8,20,0.0000,0,0.000,0.227,0.369,0.010,17.219,0.142,-,E,200
50,7,60,8,20,0.0054,0,0.014,0.241,0.368,0.010,17.178,0.143,-,E,200
100,7,60,8,20,0.0108,0,0.051,0.278,0.367,0.010,17.117,0.144,-,E,200
150,7,60,8,20,0.0162,0,0.095,0.322,0.365,0.010,17.056,0.145,-,E,200
200,7,60,8,20,0.0216,0,0.138,0.365,0.364,0.010,17.004,0.147,-,E,200
250,7,60,8,20,0.0270,0,0.177,0.404,0.364,0.010,16.963,0.148,-,E,200
300,7,60,8,20,0.0324,0,0.211,0.438,0.364,0.010,16.930,0.148,-,E,200
350,7,60,8,20,0.0378,0,0.241,0.468,0.363,0.010,16.903,0.149,-,E,200
400,7,60,8,20,0.0432,0,0.268,0.495,0.363,0.010,16.879,0.149,-,E,200
450,7,60,8,20,0.0486,0,0.293,0.520,0.363,0.010,16.857,0.150,-,E,200
500,7,60,8,20,0.0540,0,0.319,0.546,0.363,0.010,16.835,0.150,-,E,200
0,7,120,8,20,0.0000,0,0.000,0.227,0.369,0.010,17.219,0.142,-,E,200
50,7,120,8,20,0.0027,0,0.004,0.231,0.369,0.010,17.202,0.142,-,E,200
100,7,120,8,20,0.0054,0,0.014,0.241,0.368,0.010,17.178,0.143,-,E,200
150,7,120,8,20,0.0081,0,0.031,0.258,0.367,0.010,17.149,0.143,-,E,200
200,7,120,8,20,0.0108,0,0.051,0.278,0.367,0.010,17.117,0.144,-,E,200
250,7,120,8,20,0.0135,0,0.072,0.299,0.366,0.010,17.086,0.145,-,E,200
300,7,120,8,20,0.0162,0,0.095,0.322,0.365,0.010,17.056,0.145,-,E,200
350,7,120,8,20,0.0189,0,0.117,0.344,0.365,0.010,17.029,0.146,-,E,200
400,7,120,8,20,0.0216,0,0.138,0.365,0.364,0.010,17.004,0.147,-,E,200
450,7,120,8,20,0.0243,0,0.158,0.385,0.364,0.010,16.982,0.147,-,E,200
500,7,120,8,20,0.0270,0,0.177,0.404,0.364,0.010,16.963,0.148,-,E,200
0,15,15,8,20,0.0000,0,0.000,0.227,0.369,0.010,17.219,0.142,-,E,200
50,15,15,8,20,0.0463,0,0.283,0.510,0.363,0.010,16.866,0.150,-,E,200
100,15,15,8,20,0.0926,0,0.606,0.833,0.363,0.010,16.569,0.150,I,E,200
150,15,15,8,20,0.1389,0,1.464,1.691,0.360,0.010,15.740,0.142,I,E,200
200,15,15,8,20,0.1852,0,2.790,3.017,0.356,0.009,14.473,0.143,I,E,200
250,15,15,8,20,0.2315,0,4.062,4.289,0.352,0.009,13.300,0.166,I,E,200
300,15,15,8,20,0.2778,0,4.735,4.962,0.350,0.009,12.710,0.201,I,E,200
350,15,15,8,20,0.3241,0,5.326,5.553,0.353,0.009,12.181,0.228,I,E,200
400,15,15,8,20,0.3704,0,6.213,6.440,0.354,0.010,11.388,0.224,I,E,200
450,15,15,8,20,0.4167,0,6.043,6.270,0.360,0.010,11.581,0.216,I,E,200
500,15,15,8,20,0.4630,0,5.627,5.854,0.362,0.010,11.946,0.223,I,E,200
0,15,30,8,20,0.0000,0,0.000,0.227,0.369,0.010,17.219,0.142,-,E,200
50,15,30,8,20,0.0231,0,0.150,0.377,0.364,0.010,16.991,0.147,-,E,200
100,15,30,8,20,0.0463,0,0.283,0.510,0.363,0.010,16.866,0.150,-,E,200
150,15,30,8,20,0.0694,0,0.404,0.631,0.363,0.010,16.759,0.151,-,E,200
200,15,30,8,20,0.0926,0,0.606,0.833,0.363,0.010,16.569,0.150,I,E,200
250,15,30,8,20,0.1157,0,0.951,1.178,0.362,0.010,16.236,0.146,I,E,200
300,15,30,8,20,0.1389,0,1.464,1.691,0.360,0.010,15.740,0.142,I,E,200
350,15,30,8,20,0.1620,0,2.115,2.342,0.358,0.009,15.115,0.142,I,E,200
400,15,30,8,20,0.1852,0,2.790,3.017,0.356,0.009,14.473,0.143,I,E,200
450,15,30,8,20,0.2083,0,3.522,3.749,0.354,0.009,13.804,0.159,I,E,200
500,15,30,8,20,0.2315,0,4.062,4.289,0.352,0.009,13.300,0.166,I,E,200
0,15,60,8,20,0.0000,0,0.000,0.227,0.369,0.010,17.219,0.142,-,E,200
50,15,60,8,20,0.0116,0,0.057,0.284,0.366,0.010,17.108,0.144,-,E,200
100,15,60,8,20,0.0231,0,0.150,0.377,0.364,0.010,16.991,0.147,-,E,200
150,15,60,8,20,0.0347,0,0.224,0.451,0.364,0.010,16.918,0.149,-,E,200
200,15,60,8,20,0.0463,0,0.283,0.510,0.363,0.010,16.866,0.150,-,E,200
250,15,60,8,20,0.0579,0,0.338,0.565,0.363,0.010,16.818,0.150,-,E,200
300,15,60,8,20,0.0694,0,0.404,0.631,0.363,0.010,16.759,0.151,-,E,200
350,15,60,8,20,0.0810,0,0.490,0.717,0.363,0.010,16.679,0.151,-,E,200
400,15,60,8,20,0.0926,0,0.606,0.833,0.363,0.010,16.569,0.150,I,E,200
450,15,60,8,20,0.1042,0,0.758,0.985,0.362,0.010,16.423,0.148,I,E,200
500,15,60,8,20,0.1157,0,0.951,1.178,0.362,0.010,16.236,0.146,I,E,200
0,15,120,8,20,0.0000,0,0.000,0.227,0.369,0.010,17.219,0.142,-,E,200
50,15,120,8,20,0.0058,0,0.016,0.243,0.368,0.010,17.174,0.143,-,E,200
100,15,120,8,20,0.0116,0,0.057,0.284,0.366,0.010,17.108,0.144,-,E,200
150,15,120,8,20,0.0174,0,0.105,0.332,0.365,0.010,17.044,0.146,-,E,200
200,15,120,8,20,0.0231,0,0.150,0.377,0.364,0.010,16.991,0.147,-,E,200
250,15,120,8,20,0.0289,0,0.190,0.417,0.364,0.010,16.950,0.148,-,E,200
300,15,120,8,20,0.0347,0,0.224,0.451,0.364,0.010,16.918,0.149,-,E,200
350,15,120,8,20,0.0405,0,0.255,0.482,0.363,0.010,16.890,0.149,-,E,200
400,15,120,8,20,0.0463,0,0.283,0.510,0.363,0.010,16.866,0.150,-,E,200
450,15,120,8,20,0.0521,0,0.310,0.537,0.363,0.010,16.843,0.150,-,E,200
500,15,120,8,20,0.0579,0,0.338,0.565,0.363,0.010,16.818,0.150,-,E,200
0,28,15,8,20,0.0000,0,0.000,0.227,0.369,0.010,17.219,0.142,-,E,200
50,28,15,8,20,0.0864,0,0.540,0.767,0.363,0.010,16.632,0.150,I,E,200
100,28,15,8,20,0.1728,0,2.434,2.661,0.357,0.009,14.811,0.143,I,E,200
150,28,15,8,20,0.2593,0,4.573,4.800,0.352,0.009,12.842,0.187,I,E,200
200,28,15,8,20,0.3457,0,5.853,6.080,0.350,0.010,11.698,0.227,I,E,200
250,28,15,8,20,0.4321,0,5.896,6.123,0.361,0.010,11.714,0.217,I,E,200
300,28,15,8,20,0.5185,1,5.487,5.714,0.365,0.010,12.038,0.220,I,E,200
350,28,15,8,20,0.6049,1,7.150,7.377,0.361,0.009,10.555,0.206,I,E,200
400,28,15,8,20,0.6914,1,8.657,8.884,0.358,0.010,9.315,0.203,I,E,200
450,28,15,8,20,0.7778,1,9.040,9.267,0.360,0.011,9.107,0.227,I,E,200
500,28,15,8,20,0.8642,1,11.375,11.602,0.371,0.012,7.236,0.181,I,I,200
0,28,30,8,20,0.0000,0,0.000,0.227,0.369,0.010,17.219,0.142,-,E,200
50,28,30,8,20,0.0432,0,0.268,0.495,0.363,0.010,16.879,0.149,-,E,200
100,28,30,8,20,0.0864,0,0.540,0.767,0.363,0.010,16.632,0.150,I,E,200
150,28,30,8,20,0.1296,0,1.239,1.466,0.361,0.010,15.958,0.143,I,E,200
200,28,30,8,20,0.1728,0,2.434,2.661,0.357,0.009,14.811,0.143,I,E,200
250,28,30,8,20,0.2160,0,3.716,3.943,0.353,0.009,13.624,0.161,I,E,200
300,28,30,8,20,0.2593,0,4.573,4.800,0.352,0.009,12.842,0.187,I,E,200
350,28,30,8,20,0.3025,0,4.938,5.165,0.352,0.009,12.551,0.224,I,E,200
400,28,30,8,20,0.3457,0,5.853,6.080,0.350,0.010,11.698,0.227,I,E,200
450,28,30,8,20,0.3889,0,6.243,6.470,0.357,0.010,11.377,0.220,I,E,200
500,28,30,8,20,0.4321,0,5.896,6.123,0.361,0.010,11.714,0.217,I,E,200
0,28,60,8,20,0.0000,0,0.000,0.227,0.369,0.010,17.219,0.142,-,E,200
50,28,60,8,20,0.0216,0,0.138,0.365,0.364,0.010,17.004,0.147,-,E,200
100,28,60,8,20,0.0432,0,0.268,0.495,0.363,0.010,16.879,0.149,-,E,200
150,28,60,8,20,0.0648,0,0.376,0.603,0.363,0.010,16.785,0.151,-,E,200
200,28,60,8,20,0.0864,0,0.540,0.767,0.363,0.010,16.632,0.150,I,E,200
250,28,60,8,20,0.1080,0,0.818,1.045,0.362,0.010,16.365,0.148,I,E,200
300,28,60,8,20,0.1296,0,1.239,1.466,0.361,0.010,15.958,0.143,I,E,200
350,28,60,8,20,0.1512,0,1.800,2.027,0.359,0.009,15.416,0.141,I,E,200
400,28,60,8,20,0.1728,0,2.434,2.661,0.357,0.009,14.811,0.143,I,E,200
450,28,60,8,20,0.1944,0,3.046,3.273,0.355,0.009,14.231,0.144,I,E,200
500,28,60,8,20,0.2160,0,3.716,3.943,0.353,0.009,13.624,0.161,I,E,200
0,28,120,8,20,0.0000,0,0.000,0.227,0.369,0.010,17.219,0.142,-,E,200
50,28,120,8,20,0.0108,0,0.051,0.278,0.367,0.010,17.117,0.144,-,E,200
100,28,120,8,20,0.0216,0,0.138,0.365,0.364,0.010,17.004,0.147,-,E,200
150,28,120,8,20,0.0324,0,0.211,0.438,0.364,0.010,16.930,0.148,-,E,200
200,28,120,8,20,0.0432,0,0.268,0.495,0.363,0.010,16.879,0.149,-,E,200
250,28,120,8,20,0.0540,0,0.319,0.546,0.363,0.010,16.835,0.150,-,E,200
300,28,120,8,20,0.0648,0,0.376,0.603,0.363,0.010,16.785,0.151,-,E,200
350,28,120,8,20,0.0756,0,0.447,0.674,0.363,0.010,16.720,0.151,-,E,200
400,28,120,8,20,0.0864,0,0.540,0.767,0.363,0.010,16.632,0.150,I,E,200
450,28,120,8,20,0.0972,0,0.662,0.889,0.362,0.010,16.515,0.149,I,E,200
500,28,120,8,20,0.1080,0,0.818,1.045,0.362,0.010,16.365,0.148,I,E,200
0,3.5,15,16,20,0.0000,0,0.000,0.107,0.842,0.015,23.927,0.111,E,E,200
50,3.5,15,16,20,0.0108,0,0.056,0.163,0.843,0.016,23.869,0.113,E,E,200
100,3.5,15,16,20,0.0216,0,0.124,0.231,0.846,0.016,23.809,0.114,E,E,200
150,3.5,15,16,20,0.0324,0,0.172,0.279,0.849,0.016,23.767,0.115,E,E,200
200,3.5,15,16,20,0.0432,0,0.217,0.324,0.850,0.016,23.726,0.116,E,E,200
250,3.5,15,16,20,0.0540,0,0.272,0.379,0.852,0.016,23.672,0.116,E,E,200
300,3.5,15,16,20,0.0648,0,0.351,0.458,0.855,0.016,23.594,0.116,E,E,200
350,3.5,15,16,20,0.0756,0,0.466,0.573,0.857,0.017,23.480,0.115,E,E,200
400,3.5,15,16,20,0.0864,0,0.625,0.732,0.860,0.017,23.321,0.113,E,E,200
450,3.5,15,16,20,0.0972,0,0.834,0.941,0.863,0.017,23.113,0.111,E,E,200
500,3.5,15,16,20,0.1080,0,1.093,1.200,0.865,0.017,22.855,0.108,I,E,200
0,3.5,30,16,20,0.0000,0,0.000,0.107,0.842,0.015,23.927,0.111,E,E,200
50,3.5,30,16,20,0.0054,0,0.018,0.125,0.841,0.015,23.905,0.112,E,E,200
100,3.5,30,16,20,0.0108,0,0.056,0.163,0.843,0.016,23.869,0.113,E,E,200
150,3.5,30,16,20,0.0162,0,0.093,0.200,0.845,0.016,23.836,0.114,E,E,200
200,3.5,30,16,20,0.0216,0,0.124,0.231,0.846,0.016,23.809,0.114,E,E,200
250,3.5,30,16,20,0.0270,0,0.150,0.257,0.848,0.016,23.787,0.115,E,E,200
300,3.5,30,16,20,0.0324,0,0.172,0.279,0.849,0.016,23.767,0.115,E,E,200
350,3.5,30,16,20,0.0378,0,0.194,0.301,0.849,0.016,23.747,0.115,E,E,200
400,3.5,30,16,20,0.0432,0,0.217,0.324,0.850,0.016,23.726,0.116,E,E,200
450,3.5,30,16,20,0.0486,0,0.242,0.349,0.851,0.016,23.702,0.116,E,E,200
500,3.5,30,16,20,0.0540,0,0.272,0.379,0.852,0.016,23.672,0.116,E,E,200
0,3.5,60,16,20,0.0000,0,0.000,0.107,0.842,0.015,23.927,0.111,E,E,200
50,3.5,60,16,20,0.0027,0,0.006,0.113,0.841,0.015,23.919,0.111,E,E,200
100,3.5,60,16,20,0.0054,0,0.018,0.125,0.841,0.015,23.905,0.112,E,E,200
150,3.5,60,16,20,0.0081,0,0.036,0.143,0.842,0.015,23.887,0.113,E,E,200
200,3.5,60,16,20,0.0108,0,0.056,0.163,0.843,0.016,23.869,0.113,E,E,200
250,3.5,60,16,20,0.0135,0,0.075,0.182,0.844,0.016,23.852,0.114,E,E,200
300,3.5,60,16,20,0.0162,0,0.093,0.200,0.845,0.016,23.836,0.114,E,E,200
350,3.5,60,16,20,0.0189,0,0.110,0.217,0.846,0.016,23.822,0.114,E,E,200
400,3.5,60,16,20,0.0216,0,0.124,0.231,0.846,0.016,23.809,0.114,E,E,200
450,3.5,60,16,20,0.0243,0,0.138,0.245,0.847,0.016,23.798,0.115,E,E,200
500,3.5,60,16,20,0.0270,0,0.150,0.257,0.848,0.016,23.787,0.115,E,E,200
0,3.5,120,16,20,0.0000,0,0.000,0.107,0.842,0.015,23.927,0.111,E,E,200
50,3.5,120,16,20,0.0014,0,0.002,0.109,0.841,0.015,23.924,0.111,E,E,200
100,3.5,120,16,20,0.0027,0,0.006,0.113,0.841,0.015,23.919,0.111,E,E,200
150,3.5,120,16,20,0.0041,0,0.011,0.118,0.841,0.015,23.913,0.112,E,E,200
200,3.5,120,16,20,0.0054,0,0.018,0.125,0.841,0.015,23.905,0.112,E,E,200
250,3.5,120,16,20,0.0068,0,0.027,0.134,0.842,0.015,23.896,0.112,E,E,200
300,3.5,120,16,20,0.0081,0,0.036,0.143,0.842,0.015,23.887,0.113,E,E,200
350,3.5,120,16,20,0.0095,0,0.046,0.153,0.843,0.015,23.878,0.113,E,E,200
400,3.5,120,16,20,0.0108,0,0.056,0.163,0.843,0.016,23.869,0.113,E,E,200
450,3.5,120,16,20,0.0122,0,0.066,0.173,0.844,0.016,23.860,0.113,E,E,200
500,3.5,120,16,20,0.0135,0,0.075,0.182,0.844,0.016,23.852,0.114,E,E,200
0,7,15,16,20,0.0000,0,0.000,0.107,0.842,0.015,23.927,0.111,E,E,200
50,7,15,16,20,0.0216,0,0.124,0.231,0.846,0.016,23.809,0.114,E,E,200
100,7,15,16,20,0.0432,0,0.217,0.324,0.850,0.016,23.726,0.116,E,E,200
150,7,15,16,20,0.0648,0,0.351,0.458,0.855,0.016,23.594,0.116,E,E,200
200,7,15,16,20,0.0864,0,0.625,0.732,0.860,0.017,23.321,0.113,E,E,200
250,7,15,16,20,0.1080,0,1.093,1.200,0.865,0.017,22.855,0.108,I,E,200
300,7,15,16,20,0.1296,0,1.736,1.843,0.870,0.017,22.217,0.101,I,E,200
350,7,15,16,20,0.1512,0,2.473,2.580,0.873,0.017,21.486,0.099,I,E,200
400,7,15,16,20,0.1728,0,3.191,3.298,0.875,0.018,20.775,0.105,I,E,200
450,7,15,16,20,0.1944,0,3.854,3.961,0.881,0.018,20.120,0.118,I,E,200
500,7,15,16,20,0.2160,0,4.430,4.537,0.880,0.018,19.560,0.144,I,E,200
0,7,30,16,20,0.0000,0,0.000,0.107,0.842,0.015,23.927,0.111,E,E,200
50,7,30,16,20,0.0108,0,0.056,0.163,0.843,0.016,23.869,0.113,E,E,200
100,7,30,16,20,0.0216,0,0.124,0.231,0.846,0.016,23.809,0.114,E,E,200
150,7,30,16,20,0.0324,0,0.172,0.279,0.849,0.016,23.767,0.115,E,E,200
200,7,30,16,20,0.0432,0,0.217,0.324,0.850,0.016,23.726,0.116,E,E,200
250,7,30,16,20,0.0540,0,0.272,0.379,0.852,0.016,23.672,0.116,E,E,200
300,7,30,16,20,0.0648,0,0.351,0.458,0.855,0.016,23.594,0.116,E,E,200
350,7,30,16,20,0.0756,0,0.466,0.573,0.857,0.017,23.480,0.115,E,E,200
400,7,30,16,20,0.0864,0,0.625,0.732,0.860,0.017,23.321,0.113,E,E,200
450,7,30,16,20,0.0972,0,0.834,0.941,0.863,0.017,23.113,0.111,E,E,200
500,7,30,16,20,0.1080,0,1.093,1.200,0.865,0.017,22.855,0.108,I,E,200
0,7,60,16,20,0.0000,0,0.000,0.107,0.842,0.015,23.927,0.111,E,E,200
50,7,60,16,20,0.0054,0,0.018,0.125,0.841,0.015,23.905,0.112,E,E,200
100,7,60,16,20,0.0108,0,0.056,0.163,0.843,0.016,23.869,0.113,E,E,200
150,7,60,16,20,0.0162,0,0.093,0.200,0.845,0.016,23.836,0.114,E,E,200
200,7,60,16,20,0.0216,0,0.124,0.231,0.846,0.016,23.809,0.114,E,E,200
250,7,60,16,20,0.0270,0,0.150,0.257,0.848,0.016,23.787,0.115,E,E,200
300,7,60,16,20,0.0324,0,0.172,0.279,0.849,0.016,23.767,0.115,E,E,200
350,7,60,16,20,0.0378,0,0.194,0.301,0.849,0.016,23.747,0.115,E,E,200
400,7,60,16,20,0.0432,0,0.217,0.324,0.850,0.016,23.726,0.116,E,E,200
450,7,60,16,20,0.0486,0,0.242,0.349,0.851,0.016,23.702,0.116,E,E,200
500,7,60,16,20,0.0540,0,0.272,0.379,0.852,0.016,23.672,0.116,E,E,200
0,7,120,16,20,0.0000,0,0.000,0.107,0.842,0.015,23.927,0.111,E,E,200
50,7,120,16,20,0.0027,0,0.006,0.113,0.841,0.015,23.919,0.111,E,E,200
100,7,120,16,20,0.0054,0,0.018,0.125,0.841,0.015,23.905,0.112,E,E,200
150,7,120,16,20,0.0081,0,0.036,0.143,0.842,0.015,23.887,0.113,E,E,200
200,7,120,16,20,0.0108,0,0.056,0.163,0.843,0.016,23.869,0.113,E,E,200
250,7,120,16,20,0.0135,0,0.075,0.182,0.844,0.016,23.852,0.114,E,E,200
300,7,120,16,20,0.0162,0,0.093,0.200,0.845,0.016,23.836,0.114,E,E,200
350,7,120,16,20,0.0189,0,0.110,0.217,0.846,0.016,23.822,0.114,E,E,200
400,7,120,16,20,0.0216,0,0.124,0.231,0.846,0.016,23.809,0.114,E,E,200
450,7,120,16,20,0.0243,0,0.138,0.245,0.847,0.016,23.798,0.115,E,E,200
500,7,120,16,20,0.0270,0,0.150,0.257,0.848,0.016,23.787,0.115,E,E,200
0,15,15,16,20,0.0000,0,0.000,0.107,0.842,0.015,23.927,0.111,E,E,200
50,15,15,16,20,0.0463,0,0.231,0.338,0.851,0.016,23.713,0.116,E,E,200
100,15,15,16,20,0.0926,0,0.738,0.845,0.862,0.017,23.209,0.112,E,E,200
150,15,15,16,20,0.1389,0,2.046,2.153,0.871,0.017,21.909,0.099,I,E,200
200,15,15,16,20,0.1852,0,3.568,3.675,0.878,0.018,20.402,0.109,I,E,200
250,15,15,16,20,0.2315,0,4.692,4.799,0.878,0.018,19.308,0.155,I,E,200
300,15,15,16,20,0.2778,0,4.785,4.892,0.869,0.017,19.238,0.199,I,E,200
350,15,15,16,20,0.3241,0,5.012,5.119,0.833,0.014,19.032,0.220,I,E,200
400,15,15,16,20,0.3704,0,6.352,6.459,0.829,0.014,17.706,0.194,I,E,200
450,15,15,16,20,0.4167,0,5.833,5.940,0.831,0.014,18.212,0.198,I,E,200
500,15,15,16,20,0.4630,0,5.166,5.273,0.841,0.014,18.866,0.207,I,E,200
0,15,30,16,20,0.0000,0,0.000,0.107,0.842,0.015,23.927,0.111,E,E,200
50,15,30,16,20,0.0231,0,0.132,0.239,0.847,0.016,23.802,0.114,E,E,200
100,15,30,16,20,0.0463,0,0.231,0.338,0.851,0.016,23.713,0.116,E,E,200
150,15,30,16,20,0.0694,0,0.395,0.502,0.856,0.017,23.550,0.115,E,E,200
200,15,30,16,20,0.0926,0,0.738,0.845,0.862,0.017,23.209,0.112,E,E,200
250,15,30,16,20,0.1157,0,1.306,1.413,0.867,0.017,22.644,0.105,I,E,200
300,15,30,16,20,0.1389,0,2.046,2.153,0.871,0.017,21.909,0.099,I,E,200
350,15,30,16,20,0.1620,0,2.842,2.949,0.874,0.017,21.121,0.101,I,E,200
400,15,30,16,20,0.1852,0,3.568,3.675,0.878,0.018,20.402,0.109,I,E,200
450,15,30,16,20,0.2083,0,4.252,4.359,0.881,0.018,19.732,0.135,I,E,200
500,15,30,16,20,0.2315,0,4.692,4.799,0.878,0.018,19.308,0.155,I,E,200
0,15,60,16,20,0.0000,0,0.000,0.107,0.842,0.015,23.927,0.111,E,E,200
50,15,60,16,20,0.0116,0,0.062,0.169,0.843,0.016,23.864,0.113,E,E,200
100,15,60,16,20,0.0231,0,0.132,0.239,0.847,0.016,23.802,0.114,E,E,200
150,15,60,16,20,0.0347,0,0.182,0.289,0.849,0.016,23.759,0.115,E,E,200
200,15,60,16,20,0.0463,0,0.231,0.338,0.851,0.016,23.713,0.116,E,E,200
250,15,60,16,20,0.0579,0,0.297,0.404,0.853,0.016,23.648,0.116,E,E,200
300,15,60,16,20,0.0694,0,0.395,0.502,0.856,0.017,23.550,0.115,E,E,200
350,15,60,16,20,0.0810,0,0.539,0.646,0.858,0.017,23.407,0.114,E,E,200
400,15,60,16,20,0.0926,0,0.738,0.845,0.862,0.017,23.209,0.112,E,E,200
450,15,60,16,20,0.1042,0,0.995,1.102,0.865,0.017,22.953,0.109,I,E,200
500,15,60,16,20,0.1157,0,1.306,1.413,0.867,0.017,22.644,0.105,I,E,200
0,15,120,16,20,0.0000,0,0.000,0.107,0.842,0.015,23.927,0.111,E,E,200
50,15,120,16,20,0.0058,0,0.021,0.128,0.841,0.015,23.903,0.112,E,E,200
100,15,120,16,20,0.0116,0,0.062,0.169,0.843,0.016,23.864,0.113,E,E,200
150,15,120,16,20,0.0174,0,0.100,0.207,0.845,0.016,23.830,0.114,E,E,200
200,15,120,16,20,0.0231,0,0.132,0.239,0.847,0.016,23.802,0.114,E,E,200
250,15,120,16,20,0.0289,0,0.158,0.265,0.848,0.016,23.780,0.115,E,E,200
300,15,120,16,20,0.0347,0,0.182,0.289,0.849,0.016,23.759,0.115,E,E,200
350,15,120,16,20,0.0405,0,0.205,0.312,0.850,0.016,23.737,0.116,E,E,200
400,15,120,16,20,0.0463,0,0.231,0.338,0.851,0.016,23.713,0.116,E,E,200
450,15,120,16,20,0.0521,0,0.261,0.368,0.852,0.016,23.683,0.116,E,E,200
500,15,120,16,20,0.0579,0,0.297,0.404,0.853,0.016,23.648,0.116,E,E,200
0,28,15,16,20,0.0000,0,0.000,0.107,0.842,0.015,23.927,0.111,E,E,200
50,28,15,16,20,0.0864,0,0.625,0.732,0.860,0.017,23.321,0.113,E,E,200
100,28,15,16,20,0.1728,0,3.191,3.298,0.875,0.018,20.775,0.105,I,E,200
150,28,15,16,20,0.2593,0,4.879,4.986,0.872,0.017,19.135,0.181,I,E,200
200,28,15,16,20,0.3457,0,5.948,6.055,0.826,0.015,18.113,0.200,I,E,200
250,28,15,16,20,0.4321,0,5.561,5.668,0.832,0.014,18.477,0.200,I,E,200
300,28,15,16,20,0.5185,1,5.392,5.499,0.844,0.015,18.631,0.200,I,E,200
350,28,15,16,20,0.6049,1,7.822,7.929,0.825,0.015,16.244,0.163,I,E,200
400,28,15,16,20,0.6914,1,9.013,9.120,0.844,0.016,15.125,0.187,I,E,200
450,28,15,16,20,0.7778,1,8.325,8.432,0.862,0.015,15.840,0.239,I,E,200
500,28,15,16,20,0.8642,1,11.644,11.751,0.861,0.016,12.707,0.190,I,E,200
0,28,30,16,20,0.0000,0,0.000,0.107,0.842,0.015,23.927,0.111,E,E,200
50,28,30,16,20,0.0432,0,0.217,0.324,0.850,0.016,23.726,0.116,E,E,200
100,28,30,16,20,0.0864,0,0.625,0.732,0.860,0.017,23.321,0.113,E,E,200
150,28,30,16,20,0.1296,0,1.736,1.843,0.870,0.017,22.217,0.101,I,E,200
200,28,30,16,20,0.1728,0,3.191,3.298,0.875,0.018,20.775,0.105,I,E,200
250,28,30,16,20,0.2160,0,4.430,4.537,0.880,0.018,19.560,0.144,I,E,200
300,28,30,16,20,0.2593,0,4.879,4.986,0.872,0.017,19.135,0.181,I,E,200
350,28,30,16,20,0.3025,0,4.617,4.724,0.859,0.016,19.418,0.217,I,E,200
400,28,30,16,20,0.3457,0,5.948,6.055,0.826,0.015,18.113,0.200,I,E,200
450,28,30,16,20,0.3889,0,6.264,6.371,0.829,0.014,17.791,0.195,I,E,200
500,28,30,16,20,0.4321,0,5.561,5.668,0.832,0.014,18.477,0.200,I,E,200
0,28,60,16,20,0.0000,0,0.000,0.107,0.842,0.015,23.927,0.111,E,E,200
50,28,60,16,20,0.0216,0,0.124,0.231,0.846,0.016,23.809,0.114,E,E,200
100,28,60,16,20,0.0432,0,0.217,0.324,0.850,0.016,23.726,0.116,E,E,200
150,28,60,16,20,0.0648,0,0.351,0.458,0.855,0.016,23.594,0.116,E,E,200
200,28,60,16,20,0.0864,0,0.625,0.732,0.860,0.017,23.321,0.113,E,E,200
250,28,60,16,20,0.1080,0,1.093,1.200,0.865,0.017,22.855,0.108,I,E,200
300,28,60,16,20,0.1296,0,1.736,1.843,0.870,0.017,22.217,0.101,I,E,200
350,28,60,16,20,0.1512,0,2.473,2.580,0.873,0.017,21.486,0.099,I,E,200
400,28,60,16,20,0.1728,0,3.191,3.298,0.875,0.018,20.775,0.105,I,E,200
450,28,60,16,20,0.1944,0,3.854,3.961,0.881,0.018,20.120,0.118,I,E,200
500,28,60,16,20,0.2160,0,4.430,4.537,0.880,0.018,19.560,0.144,I,E,200
0,28,120,16,20,0.0000,0,0.000,0.107,0.842,0.015,23.927,0.111,E,E,200
50,28,120,16,20,0.0108,0,0.056,0.163,0.843,0.016,23.869,0.113,E,E,200
100,28,120,16,20,0.0216,0,0.124,0.231,0.846,0.016,23.809,0.114,E,E,200
150,28,120,16,20,0.0324,0,0.172,0.279,0.849,0.016,23.767,0.115,E,E,200
200,28,120,16,20,0.0432,0,0.217,0.324,0.850,0.016,23.726,0.116,E,E,200
250,28,120,16,20,0.0540,0,0.272,0.379,0.852,0.016,23.672,0.116,E,E,200
300,28,120,16,20,0.0648,0,0.351,0.458,0.855,0.016,23.594,0.116,E,E,200
350,28,120,16,20,0.0756,0,0.466,0.573,0.857,0.017,23.480,0.115,E,E,200
400,28,120,16,20,0.0864,0,0.625,0.732,0.860,0.017,23.321,0.113,E,E,200
450,28,120,16,20,0.0972,0,0.834,0.941,0.863,0.017,23.113,0.111,E,E,200
500,28,120,16,20,0.1080,0,1.093,1.200,0.865,0.017,22.855,0.108,I,E,200
0,3.5,15,2,30,0.0000,0,0.000,1.009,0.052,0.003,10.759,0.353,-,E,200
50,3.5,15,2,30,0.0108,0,0.489,1.498,0.053,0.003,10.069,0.331,-,E,200
100,3.5,15,2,30,0.0216,0,1.161,2.170,0.050,0.003,9.548,0.336,I,E,200
150,3.5,15,2,30,0.0324,0,1.643,2.652,0.048,0.003,9.236,0.343,I,E,200
200,3.5,15,2,30,0.0432,0,1.985,2.994,0.046,0.003,9.055,0.345,I,E,200
250,3.5,15,2,30,0.0540,0,2.254,3.263,0.045,0.003,8.933,0.342,I,E,200
300,3.5,15,2,30,0.0648,0,2.493,3.502,0.045,0.003,8.815,0.339,I,E,200
350,3.5,15,2,30,0.0756,0,2.733,3.742,0.044,0.003,8.679,0.336,I,E,200
400,3.5,15,2,30,0.0864,0,3.000,4.009,0.044,0.003,8.510,0.332,I,E,200
450,3.5,15,2,30,0.0972,0,3.317,4.326,0.044,0.003,8.297,0.328,I,E,200
500,3.5,15,2,30,0.1080,0,3.678,4.687,0.044,0.003,8.043,0.323,I,E,200
0,3.5,30,2,30,0.0000,0,0.000,1.009,0.052,0.003,10.759,0.353,-,E,200
50,3.5,30,2,30,0.0054,0,0.153,1.162,0.054,0.003,10.447,0.339,-,E,200
100,3.5,30,2,30,0.0108,0,0.489,1.498,0.053,0.003,10.069,0.331,-,E,200
150,3.5,30,2,30,0.0162,0,0.846,1.855,0.051,0.003,9.764,0.332,I,E,200
200,3.5,30,2,30,0.0216,0,1.161,2.170,0.050,0.003,9.548,0.336,I,E,200
250,3.5,30,2,30,0.0270,0,1.424,2.433,0.048,0.003,9.377,0.339,I,E,200
300,3.5,30,2,30,0.0324,0,1.643,2.652,0.048,0.003,9.236,0.343,I,E,200
350,3.5,30,2,30,0.0378,0,1.827,2.836,0.047,0.003,9.132,0.345,I,E,200
400,3.5,30,2,30,0.0432,0,1.985,2.994,0.046,0.003,9.055,0.345,I,E,200
450,3.5,30,2,30,0.0486,0,2.126,3.135,0.046,0.003,8.991,0.344,I,E,200
500,3.5,30,2,30,0.0540,0,2.254,3.263,0.045,0.003,8.933,0.342,I,E,200
0,3.5,60,2,30,0.0000,0,0.000,1.009,0.052,0.003,10.759,0.353,-,E,200
50,3.5,60,2,30,0.0027,0,0.041,1.050,0.053,0.003,10.619,0.347,-,E,200
100,3.5,60,2,30,0.0054,0,0.153,1.162,0.054,0.003,10.447,0.339,-,E,200
150,3.5,60,2,30,0.0081,0,0.310,1.319,0.053,0.003,10.263,0.332,-,E,200
200,3.5,60,2,30,0.0108,0,0.489,1.498,0.053,0.003,10.069,0.331,-,E,200
250,3.5,60,2,30,0.0135,0,0.671,1.680,0.052,0.003,9.899,0.332,I,E,200
300,3.5,60,2,30,0.0162,0,0.846,1.855,0.051,0.003,9.764,0.332,I,E,200
350,3.5,60,2,30,0.0189,0,1.010,2.019,0.050,0.003,9.648,0.334,I,E,200
400,3.5,60,2,30,0.0216,0,1.161,2.170,0.050,0.003,9.548,0.336,I,E,200
450,3.5,60,2,30,0.0243,0,1.299,2.308,0.049,0.003,9.459,0.337,I,E,200
500,3.5,60,2,30,0.0270,0,1.424,2.433,0.048,0.003,9.377,0.339,I,E,200
0,3.5,120,2,30,0.0000,0,0.000,1.009,0.052,0.003,10.759,0.353,-,E,200
50,3.5,120,2,30,0.0014,0,0.011,1.020,0.053,0.003,10.696,0.350,-,E,200
100,3.5,120,2,30,0.0027,0,0.041,1.050,0.053,0.003,10.619,0.347,-,E,200
150,3.5,120,2,30,0.0041,0,0.089,1.098,0.053,0.003,10.534,0.344,-,E,200
200,3.5,120,2,30,0.0054,0,0.153,1.162,0.054,0.003,10.447,0.339,-,E,200
250,3.5,120,2,30,0.0068,0,0.228,1.237,0.054,0.003,10.357,0.335,-,E,200
300,3.5,120,2,30,0.0081,0,0.310,1.319,0.053,0.003,10.263,0.332,-,E,200
350,3.5,120,2,30,0.0095,0,0.398,1.407,0.053,0.003,10.166,0.331,-,E,200
400,3.5,120,2,30,0.0108,0,0.489,1.498,0.053,0.003,10.069,0.331,-,E,200
450,3.5,120,2,30,0.0122,0,0.580,1.589,0.052,0.003,9.979,0.331,I,E,200
500,3.5,120,2,30,0.0135,0,0.671,1.680,0.052,0.003,9.899,0.332,I,E,200
0,7,15,2,30,0.0000,0,0.000,1.009,0.052,0.003,10.759,0.353,-,E,200
50,7,15,2,30,0.0216,0,1.161,2.170,0.050,0.003,9.548,0.336,I,E,200
100,7,15,2,30,0.0432,0,1.985,2.994,0.046,0.003,9.055,0.345,I,E,200
150,7,15,2,30,0.0648,0,2.493,3.502,0.045,0.003,8.815,0.339,I,E,200
200,7,15,2,30,0.0864,0,3.000,4.009,0.044,0.003,8.510,0.332,I,E,200
250,7,15,2,30,0.1080,0,3.678,4.687,0.044,0.003,8.043,0.323,I,E,200
300,7,15,2,30,0.1296,0,4.512,5.521,0.044,0.003,7.434,0.310,I,E,200
350,7,15,2,30,0.1512,0,5.530,6.539,0.044,0.003,6.694,0.293,I,E,200
400,7,15,2,30,0.1728,0,6.654,7.663,0.043,0.003,5.926,0.276,I,I,200
450,7,15,2,30,0.1944,0,7.851,8.860,0.043,0.003,5.184,0.262,I,I,200
500,7,15,2,30,0.2160,0,9.041,10.050,0.042,0.003,4.534,0.249,I,I,200
0,7,30,2,30,0.0000,0,0.000,1.009,0.052,0.003,10.759,0.353,-,E,200
50,7,30,2,30,0.0108,0,0.489,1.498,0.053,0.003,10.069,0.331,-,E,200
100,7,30,2,30,0.0216,0,1.161,2.170,0.050,0.003,9.548,0.336,I,E,200
150,7,30,2,30,0.0324,0,1.643,2.652,0.048,0.003,9.236,0.343,I,E,200
200,7,30,2,30,0.0432,0,1.985,2.994,0.046,0.003,9.055,0.345,I,E,200
250,7,30,2,30,0.0540,0,2.254,3.263,0.045,0.003,8.933,0.342,I,E,200
300,7,30,2,30,0.0648,0,2.493,3.502,0.045,0.003,8.815,0.339,I,E,200
350,7,30,2,30,0.0756,0,2.733,3.742,0.044,0.003,8.679,0.336,I,E,200
400,7,30,2,30,0.0864,0,3.000,4.009,0.044,0.003,8.510,0.332,I,E,200
450,7,30,2,30,0.0972,0,3.317,4.326,0.044,0.003,8.297,0.328,I,E,200
500,7,30,2,30,0.1080,0,3.678,4.687,0.044,0.003,8.043,0.323,I,E,200
0,7,60,2,30,0.0000,0,0.000,1.009,0.052,0.003,10.759,0.353,-,E,200
50,7,60,2,30,0.0054,0,0.153,1.162,0.054,0.003,10.447,0.339,-,E,200
100,7,60,2,30,0.0108,0,0.489,1.498,0.053,0.003,10.069,0.331,-,E,200
150,7,60,2,30,0.0162,0,0.846,1.855,0.051,0.003,9.764,0.332,I,E,200
200,7,60,2,30,0.0216,0,1.161,2.170,0.050,0.003,9.548,0.336,I,E,200
250,7,60,2,30,0.0270,0,1.424,2.433,0.048,0.003,9.377,0.339,I,E,200
300,7,60,2,30,0.0324,0,1.643,2.652,0.048,0.003,9.236,0.343,I,E,200
350,7,60,2,30,0.0378,0,1.827,2.836,0.047,0.003,9.132,0.345,I,E,200
400,7,60,2,30,0.0432,0,1.985,2.994,0.046,0.003,9.055,0.345,I,E,200
450,7,60,2,30,0.0486,0,2.126,3.135,0.046,0.003,8.991,0.344,I,E,200
500,7,60,2,30,0.0540,0,2.254,3.263,0.045,0.003,8.933,0.342,I,E,200
0,7,120,2,30,0.0000,0,0.000,1.009,0.052,0.003,10.759,0.353,-,E,200
50,7,120,2,30,0.0027,0,0.041,1.050,0.053,0.003,10.619,0.347,-,E,200
100,7,120,2,30,0.0054,0,0.153,1.162,0.054,0.003,10.447,0.339,-,E,200
150,7,120,2,30,0.0081,0,0.310,1.319,0.053,0.003,10.263,0.332,-,E,200
200,7,120,2,30,0.0108,0,0.489,1.498,0.053,0.003,10.069,0.331,-,E,200
250,7,120,2,30,0.0135,0,0.671,1.680,0.052,0.003,9.899,0.332,I,E,200
300,7,120,2,30,0.0162,0,0.846,1.855,0.051,0.003,9.764,0.332,I,E,200
350,7,120,2,30,0.0189,0,1.010,2.019,0.050,0.003,9.648,0.334,I,E,200
400,7,120,2,30,0.0216,0,1.161,2.170,0.050,0.003,9.548,0.336,I,E,200
450,7,120,2,30,0.0243,0,1.299,2.308,0.049,0.003,9.459,0.337,I,E,200
500,7,120,2,30,0.0270,0,1.424,2.433,0.048,0.003,9.377,0.339,I,E,200
0,15,15,2,30,0.0000,0,0.000,1.009,0.052,0.003,10.759,0.353,-,E,200
50,15,15,2,30,0.0463,0,2.067,3.076,0.046,0.003,9.018,0.344,I,E,200
100,15,15,2,30,0.0926,0,3.174,4.183,0.044,0.003,8.394,0.330,I,E,200
150,15,15,2,30,0.1389,0,4.928,5.937,0.044,0.003,7.129,0.303,I,E,200
200,15,15,2,30,0.1852,0,7.317,8.326,0.043,0.003,5.498,0.268,I,I,200
250,15,15,2,30,0.2315,0,9.732,10.741,0.042,0.003,4.154,0.240,I,I,200
300,15,15,2,30,0.2778,0,11.811,12.820,0.044,0.003,3.177,0.222,I,I,200
350,15,15,2,30,0.3241,0,13.238,14.247,0.043,0.003,2.706,0.207,I,I,200
400,15,15,2,30,0.3704,0,14.430,15.439,0.041,0.003,2.208,0.174,I,I,200
450,15,15,2,30,0.4167,0,15.618,16.627,0.046,0.003,1.868,0.153,I,I,200
500,15,15,2,30,0.4630,0,16.601,17.610,0.048,0.004,1.664,0.144,I,I,200
0,15,30,2,30,0.0000,0,0.000,1.009,0.052,0.003,10.759,0.353,-,E,200
50,15,30,2,30,0.0231,0,1.241,2.250,0.049,0.003,9.496,0.337,I,E,200
100,15,30,2,30,0.0463,0,2.067,3.076,0.046,0.003,9.018,0.344,I,E,200
150,15,30,2,30,0.0694,0,2.594,3.603,0.044,0.003,8.759,0.338,I,E,200
200,15,30,2,30,0.0926,0,3.174,4.183,0.044,0.003,8.394,0.330,I,E,200
250,15,30,2,30,0.1157,0,3.959,4.968,0.044,0.003,7.838,0.319,I,E,200
300,15,30,2,30,0.1389,0,4.928,5.937,0.044,0.003,7.129,0.303,I,E,200
350,15,30,2,30,0.1620,0,6.085,7.094,0.043,0.003,6.303,0.283,I,E,200
400,15,30,2,30,0.1852,0,7.317,8.326,0.043,0.003,5.498,0.268,I,I,200
450,15,30,2,30,0.2083,0,8.670,9.679,0.042,0.003,4.738,0.253,I,I,200
500,15,30,2,30,0.2315,0,9.732,10.741,0.042,0.003,4.154,0.240,I,I,200
0,15,60,2,30,0.0000,0,0.000,1.009,0.052,0.003,10.759,0.353,-,E,200
50,15,60,2,30,0.0116,0,0.541,1.550,0.053,0.003,10.016,0.331,I,E,200
100,15,60,2,30,0.0231,0,1.241,2.250,0.049,0.003,9.496,0.337,I,E,200
150,15,60,2,30,0.0347,0,1.725,2.734,0.047,0.003,9.187,0.344,I,E,200
200,15,60,2,30,0.0463,0,2.067,3.076,0.046,0.003,9.018,0.344,I,E,200
250,15,60,2,30,0.0579,0,2.341,3.350,0.045,0.003,8.892,0.341,I,E,200
300,15,60,2,30,0.0694,0,2.594,3.603,0.044,0.003,8.759,0.338,I,E,200
350,15,60,2,30,0.0810,0,2.861,3.870,0.044,0.003,8.599,0.334,I,E,200
400,15,60,2,30,0.0926,0,3.174,4.183,0.044,0.003,8.394,0.330,I,E,200
450,15,60,2,30,0.1042,0,3.544,4.553,0.044,0.003,8.138,0.325,I,E,200
500,15,60,2,30,0.1157,0,3.959,4.968,0.044,0.003,7.838,0.319,I,E,200
0,15,120,2,30,0.0000,0,0.000,1.009,0.052,0.003,10.759,0.353,-,E,200
50,15,120,2,30,0.0058,0,0.173,1.182,0.054,0.003,10.422,0.338,-,E,200
100,15,120,2,30,0.0116,0,0.541,1.550,0.053,0.003,10.016,0.331,I,E,200
150,15,120,2,30,0.0174,0,0.918,1.927,0.051,0.003,9.712,0.333,I,E,200
200,15,120,2,30,0.0231,0,1.241,2.250,0.049,0.003,9.496,0.337,I,E,200
250,15,120,2,30,0.0289,0,1.507,2.516,0.048,0.003,9.323,0.341,I,E,200
300,15,120,2,30,0.0347,0,1.725,2.734,0.047,0.003,9.187,0.344,I,E,200
350,15,120,2,30,0.0405,0,1.909,2.918,0.046,0.003,9.092,0.345,I,E,200
400,15,120,2,30,0.0463,0,2.067,3.076,0.046,0.003,9.018,0.344,I,E,200
450,15,120,2,30,0.0521,0,2.209,3.218,0.046,0.003,8.954,0.343,I,E,200
500,15,120,2,30,0.0579,0,2.341,3.350,0.045,0.003,8.892,0.341,I,E,200
0,28,15,2,30,0.0000,0,0.000,1.009,0.052,0.003,10.759,0.353,-,E,200
50,28,15,2,30,0.0864,0,3.000,4.009,0.044,0.003,8.510,0.332,I,E,200
100,28,15,2,30,0.1728,0,6.654,7.663,0.043,0.003,5.926,0.276,I,I,200
150,28,15,2,30,0.2593,0,10.970,11.979,0.043,0.003,3.531,0.224,I,I,200
200,28,15,2,30,0.3457,0,13.820,14.829,0.041,0.003,2.461,0.195,I,I,200
250,28,15,2,30,0.4321,0,15.926,16.935,0.047,0.003,1.805,0.150,I,I,200
300,28,15,2,30,0.5185,1,17.844,18.853,0.052,0.004,1.405,0.133,I,I,200
350,28,15,2,30,0.6049,1,20.596,21.605,0.052,0.004,0.919,0.086,I,I,200
400,28,15,2,30,0.6914,1,23.462,24.471,0.054,0.005,0.592,0.060,I,I,200
450,28,15,2,30,0.7778,1,25.853,26.862,0.057,0.005,0.476,0.058,I,I,200
500,28,15,2,30,0.8642,1,27.260,28.269,0.062,0.005,0.492,0.068,I,I,200
0,28,30,2,30,0.0000,0,0.000,1.009,0.052,0.003,10.759,0.353,-,E,200
50,28,30,2,30,0.0432,0,1.985,2.994,0.046,0.003,9.055,0.345,I,E,200
100,28,30,2,30,0.0864,0,3.000,4.009,0.044,0.003,8.510,0.332,I,E,200
150,28,30,2,30,0.1296,0,4.512,5.521,0.044,0.003,7.434,0.310,I,E,200
200,28,30,2,30,0.1728,0,6.654,7.663,0.043,0.003,5.926,0.276,I,I,200
250,28,30,2,30,0.2160,0,9.041,10.050,0.042,0.003,4.534,0.249,I,I,200
300,28,30,2,30,0.2593,0,10.970,11.979,0.043,0.003,3.531,0.224,I,I,200
350,28,30,2,30,0.3025,0,12.620,13.629,0.043,0.003,2.908,0.216,I,I,200
400,28,30,2,30,0.3457,0,13.820,14.829,0.041,0.003,2.461,0.195,I,I,200
450,28,30,2,30,0.3889,0,14.886,15.895,0.043,0.003,2.040,0.164,I,I,200
500,28,30,2,30,0.4321,0,15.926,16.935,0.047,0.003,1.805,0.150,I,I,200
0,28,60,2,30,0.0000,0,0.000,1.009,0.052,0.003,10.759,0.353,-,E,200
50,28,60,2,30,0.0216,0,1.161,2.170,0.050,0.003,9.548,0.336,I,E,200
100,28,60,2,30,0.0432,0,1.985,2.994,0.046,0.003,9.055,0.345,I,E,200
150,28,60,2,30,0.0648,0,2.493,3.502,0.045,0.003,8.815,0.339,I,E,200
200,28,60,2,30,0.0864,0,3.000,4.009,0.044,0.003,8.510,0.332,I,E,200
250,28,60,2,30,0.1080,0,3.678,4.687,0.044,0.003,8.043,0.323,I,E,200
300,28,60,2,30,0.1296,0,4.512,5.521,0.044,0.003,7.434,0.310,I,E,200
350,28,60,2,30,0.1512,0,5.530,6.539,0.044,0.003,6.694,0.293,I,E,200
400,28,60,2,30,0.1728,0,6.654,7.663,0.043,0.003,5.926,0.276,I,I,200
450,28,60,2,30,0.1944,0,7.851,8.860,0.043,0.003,5.184,0.262,I,I,200
500,28,60,2,30,0.2160,0,9.041,10.050,0.042,0.003,4.534,0.249,I,I,200
0,28,120,2,30,0.0000,0,0.000,1.009,0.052,0.003,10.759,0.353,-,E,200
50,28,120,2,30,0.0108,0,0.489,1.498,0.053,0.003,10.069,0.331,-,E,200
100,28,120,2,30,0.0216,0,1.161,2.170,0.050,0.003,9.548,0.336,I,E,200
150,28,120,2,30,0.0324,0,1.643,2.652,0.048,0.003,9.236,0.343,I,E,200
200,28,120,2,30,0.0432,0,1.985,2.994,0.046,0.003,9.055,0.345,I,E,200
250,28,120,2,30,0.0540,0,2.254,3.263,0.045,0.003,8.933,0.342,I,E,200
300,28,120,2,30,0.0648,0,2.493,3.502,0.045,0.003,8.815,0.339,I,E,200
350,28,120,2,30,0.0756,0,2.733,3.742,0.044,0.003,8.679,0.336,I,E,200
400,28,120,2,30,0.0864,0,3.000,4.009,0.044,0.003,8.510,0.332,I,E,200
450,28,120,2,30,0.0972,0,3.317,4.326,0.044,0.003,8.297,0.328,I,E,200
500,28,120,2,30,0.1080,0,3.678,4.687,0.044,0.003,8.043,0.323,I,E,200
0,3.5,15,4,30,0.0000,0,0.000,0.517,0.150,0.006,20.159,0.234,-,E,200
50,3.5,15,4,30,0.0108,0,0.407,0.924,0.155,0.007,19.788,0.245,-,E,200
100,3.5,15,4,30,0.0216,0,0.761,1.278,0.154,0.007,19.363,0.251,I,E,200
150,3.5,15,4,30,0.0324,0,0.945,1.462,0.153,0.007,19.139,0.251,I,E,200
200,3.5,15,4,30,0.0432,0,1.065,1.582,0.153,0.007,18.986,0.251,I,E,200
250,3.5,15,4,30,0.0540,0,1.187,1.704,0.153,0.007,18.839,0.251,I,E,200
300,3.5,15,4,30,0.0648,0,1.346,1.863,0.152,0.007,18.658,0.251,I,E,200
350,3.5,15,4,30,0.0756,0,1.564,2.081,0.152,0.007,18.422,0.249,I,E,200
400,3.5,15,4,30,0.0864,0,1.854,2.371,0.152,0.007,18.117,0.247,I,E,200
450,3.5,15,4,30,0.0972,0,2.219,2.736,0.151,0.007,17.739,0.244,I,E,200
500,3.5,15,4,30,0.1080,0,2.650,3.167,0.151,0.007,17.299,0.242,I,E,200
0,3.5,30,4,30,0.0000,0,0.000,0.517,0.150,0.006,20.159,0.234,-,E,200
50,3.5,30,4,30,0.0054,0,0.150,0.667,0.155,0.007,20.074,0.239,-,E,200
100,3.5,30,4,30,0.0108,0,0.407,0.924,0.155,0.007,19.788,0.245,-,E,200
150,3.5,30,4,30,0.0162,0,0.614,1.131,0.155,0.007,19.539,0.250,I,E,200
200,3.5,30,4,30,0.0216,0,0.761,1.278,0.154,0.007,19.363,0.251,I,E,200
250,3.5,30,4,30,0.0270,0,0.866,1.383,0.154,0.007,19.236,0.251,I,E,200
300,3.5,30,4,30,0.0324,0,0.945,1.462,0.153,0.007,19.139,0.251,I,E,200
350,3.5,30,4,30,0.0378,0,1.008,1.525,0.153,0.007,19.059,0.251,I,E,200
400,3.5,30,4,30,0.0432,0,1.065,1.582,0.153,0.007,18.986,0.251,I,E,200
450,3.5,30,4,30,0.0486,0,1.123,1.640,0.153,0.007,18.915,0.251,I,E,200
500,3.5,30,4,30,0.0540,0,1.187,1.704,0.153,0.007,18.839,0.251,I,E,200
0,3.5,60,4,30,0.0000,0,0.000,0.517,0.150,0.006,20.159,0.234,-,E,200
50,3.5,60,4,30,0.0027,0,0.042,0.559,0.152,0.006,20.170,0.235,-,E,200
100,3.5,60,4,30,0.0054,0,0.150,0.667,0.155,0.007,20.074,0.239,-,E,200
150,3.5,60,4,30,0.0081,0,0.280,0.797,0.155,0.007,19.934,0.242,-,E,200
200,3.5,60,4,30,0.0108,0,0.407,0.924,0.155,0.007,19.788,0.245,-,E,200
250,3.5,60,4,30,0.0135,0,0.519,1.036,0.155,0.007,19.654,0.248,I,E,200
300,3.5,60,4,30,0.0162,0,0.614,1.131,0.155,0.007,19.539,0.250,I,E,200
350,3.5,60,4,30,0.0189,0,0.694,1.211,0.155,0.007,19.444,0.251,I,E,200
400,3.5,60,4,30,0.0216,0,0.761,1.278,0.154,0.007,19.363,0.251,I,E,200
450,3.5,60,4,30,0.0243,0,0.818,1.335,0.154,0.007,19.295,0.251,I,E,200
500,3.5,60,4,30,0.0270,0,0.866,1.383,0.154,0.007,19.236,0.251,I,E,200
0,3.5,120,4,30,0.0000,0,0.000,0.517,0.150,0.006,20.159,0.234,-,E,200
50,3.5,120,4,30,0.0014,0,0.011,0.528,0.151,0.006,20.182,0.234,-,E,200
100,3.5,120,4,30,0.0027,0,0.042,0.559,0.152,0.006,20.170,0.235,-,E,200
150,3.5,120,4,30,0.0041,0,0.091,0.608,0.154,0.006,20.131,0.237,-,E,200
200,3.5,120,4,30,0.0054,0,0.150,0.667,0.155,0.007,20.074,0.239,-,E,200
250,3.5,120,4,30,0.0068,0,0.214,0.731,0.155,0.007,20.007,0.241,-,E,200
300,3.5,120,4,30,0.0081,0,0.280,0.797,0.155,0.007,19.934,0.242,-,E,200
350,3.5,120,4,30,0.0095,0,0.345,0.862,0.155,0.007,19.860,0.244,-,E,200
400,3.5,120,4,30,0.0108,0,0.407,0.924,0.155,0.007,19.788,0.245,-,E,200
450,3.5,120,4,30,0.0122,0,0.465,0.982,0.155,0.007,19.718,0.247,-,E,200
500,3.5,120,4,30,0.0135,0,0.519,1.036,0.155,0.007,19.654,0.248,I,E,200
0,7,15,4,30,0.0000,0,0.000,0.517,0.150,0.006,20.159,0.234,-,E,200
50,7,15,4,30,0.0216,0,0.761,1.278,0.154,0.007,19.363,0.251,I,E,200
100,7,15,4,30,0.0432,0,1.065,1.582,0.153,0.007,18.986,0.251,I,E,200
150,7,15,4,30,0.0648,0,1.346,1.863,0.152,0.007,18.658,0.251,I,E,200
200,7,15,4,30,0.0864,0,1.854,2.371,0.152,0.007,18.117,0.247,I,E,200
250,7,15,4,30,0.1080,0,2.650,3.167,0.151,0.007,17.299,0.242,I,E,200
300,7,15,4,30,0.1296,0,3.630,4.147,0.149,0.006,16.312,0.241,I,E,200
350,7,15,4,30,0.1512,0,4.657,5.174,0.147,0.006,15.296,0.245,I,E,200
400,7,15,4,30,0.1728,0,5.625,6.142,0.145,0.006,14.383,0.260,I,E,200
450,7,15,4,30,0.1944,0,6.441,6.958,0.144,0.006,13.640,0.272,I,E,200
500,7,15,4,30,0.2160,0,7.214,7.731,0.142,0.006,12.953,0.286,I,E,200
0,7,30,4,30,0.0000,0,0.000,0.517,0.150,0.006,20.159,0.234,-,E,200
50,7,30,4,30,0.0108,0,0.407,0.924,0.155,0.007,19.788,0.245,-,E,200
100,7,30,4,30,0.0216,0,0.761,1.278,0.154,0.007,19.363,0.251,I,E,200
150,7,30,4,30,0.0324,0,0.945,1.462,0.153,0.007,19.139,0.251,I,E,200
200,7,30,4,30,0.0432,0,1.065,1.582,0.153,0.007,18.986,0.251,I,E,200
250,7,30,4,30,0.0540,0,1.187,1.704,0.153,0.007,18.839,0.251,I,E,200
300,7,30,4,30,0.0648,0,1.346,1.863,0.152,0.007,18.658,0.251,I,E,200
350,7,30,4,30,0.0756,0,1.564,2.081,0.152,0.007,18.422,0.249,I,E,200
400,7,30,4,30,0.0864,0,1.854,2.371,0.152,0.007,18.117,0.247,I,E,200
450,7,30,4,30,0.0972,0,2.219,2.736,0.151,0.007,17.739,0.244,I,E,200
500,7,30,4,30,0.1080,0,2.650,3.167,0.151,0.007,17.299,0.242,I,E,200
0,7,60,4,30,0.0000,0,0.000,0.517,0.150,0.006,20.159,0.234,-,E,200
50,7,60,4,30,0.0054,0,0.150,0.667,0.155,0.007,20.074,0.239,-,E,200
100,7,60,4,30,0.0108,0,0.407,0.924,0.155,0.007,19.788,0.245,-,E,200
150,7,60,4,30,0.0162,0,0.614,1.131,0.155,0.007,19.539,0.250,I,E,200
200,7,60,4,30,0.0216,0,0.761,1.278,0.154,0.007,19.363,0.251,I,E,200
250,7,60,4,30,0.0270,0,0.866,1.383,0.154,0.007,19.236,0.251,I,E,200
300,7,60,4,30,0.0324,0,0.945,1.462,0.153,0.007,19.139,0.251,I,E,200
350,7,60,4,30,0.0378,0,1.008,1.525,0.153,0.007,19.059,0.251,I,E,200
400,7,60,4,30,0.0432,0,1.065,1.582,0.153,0.007,18.986,0.251,I,E,200
450,7,60,4,30,0.0486,0,1.123,1.640,0.153,0.007,18.915,0.251,I,E,200
500,7,60,4,30,0.0540,0,1.187,1.704,0.153,0.007,18.839,0.251,I,E,200
0,7,120,4,30,0.0000,0,0.000,0.517,0.150,0.006,20.159,0.234,-,E,200
50,7,120,4,30,0.0027,0,0.042,0.559,0.152,0.006,20.170,0.235,-,E,200
100,7,120,4,30,0.0054,0,0.150,0.667,0.155,0.007,20.074,0.239,-,E,200
150,7,120,4,30,0.0081,0,0.280,0.797,0.155,0.007,19.934,0.242,-,E,200
200,7,120,4,30,0.0108,0,0.407,0.924,0.155,0.007,19.788,0.245,-,E,200
250,7,120,4,30,0.0135,0,0.519,1.036,0.155,0.007,19.654,0.248,I,E,200
300,7,120,4,30,0.0162,0,0.614,1.131,0.155,0.007,19.539,0.250,I,E,200
350,7,120,4,30,0.0189,0,0.694,1.211,0.155,0.007,19.444,0.251,I,E,200
400,7,120,4,30,0.0216,0,0.761,1.278,0.154,0.007,19.363,0.251,I,E,200
450,7,120,4,30,0.0243,0,0.818,1.335,0.154,0.007,19.295,0.251,I,E,200
500,7,120,4,30,0.0270,0,0.866,1.383,0.154,0.007,19.236,0.251,I,E,200
0,15,15,4,30,0.0000,0,0.000,0.517,0.150,0.006,20.159,0.234,-,E,200
50,15,15,4,30,0.0463,0,1.098,1.615,0.153,0.007,18.946,0.251,I,E,200
100,15,15,4,30,0.0926,0,2.054,2.571,0.152,0.007,17.910,0.245,I,E,200
150,15,15,4,30,0.1389,0,4.068,4.585,0.148,0.006,15.875,0.242,I,E,200
200,15,15,4,30,0.1852,0,6.107,6.624,0.145,0.006,13.943,0.267,I,E,200
250,15,15,4,30,0.2315,0,7.627,8.144,0.141,0.006,12.588,0.300,I,E,200
300,15,15,4,30,0.2778,0,8.503,9.020,0.145,0.006,11.888,0.341,I,E,200
350,15,15,4,30,0.3241,0,8.984,9.501,0.153,0.006,11.618,0.368,I,E,200
400,15,15,4,30,0.3704,0,9.297,9.814,0.160,0.006,11.460,0.363,I,E,200
450,15,15,4,30,0.4167,0,8.972,9.489,0.167,0.007,11.776,0.353,I,E,200
500,15,15,4,30,0.4630,0,8.875,9.392,0.164,0.007,11.849,0.344,I,E,200
0,15,30,4,30,0.0000,0,0.000,0.517,0.150,0.006,20.159,0.234,-,E,200
50,15,30,4,30,0.0231,0,0.795,1.312,0.154,0.007,19.323,0.251,I,E,200
100,15,30,4,30,0.0463,0,1.098,1.615,0.153,0.007,18.946,0.251,I,E,200
150,15,30,4,30,0.0694,0,1.431,1.948,0.152,0.007,18.564,0.250,I,E,200
200,15,30,4,30,0.0926,0,2.054,2.571,0.152,0.007,17.910,0.245,I,E,200
250,15,30,4,30,0.1157,0,2.987,3.504,0.150,0.006,16.957,0.241,I,E,200
300,15,30,4,30,0.1389,0,4.068,4.585,0.148,0.006,15.875,0.242,I,E,200
350,15,30,4,30,0.1620,0,5.161,5.678,0.146,0.006,14.813,0.253,I,E,200
400,15,30,4,30,0.1852,0,6.107,6.624,0.145,0.006,13.943,0.267,I,E,200
450,15,30,4,30,0.2083,0,6.957,7.474,0.144,0.006,13.183,0.281,I,E,200
500,15,30,4,30,0.2315,0,7.627,8.144,0.141,0.006,12.588,0.300,I,E,200
0,15,60,4,30,0.0000,0,0.000,0.517,0.150,0.006,20.159,0.234,-,E,200
50,15,60,4,30,0.0116,0,0.440,0.957,0.155,0.007,19.747,0.246,-,E,200
100,15,60,4,30,0.0231,0,0.795,1.312,0.154,0.007,19.323,0.251,I,E,200
150,15,60,4,30,0.0347,0,0.973,1.490,0.153,0.007,19.103,0.251,I,E,200
200,15,60,4,30,0.0463,0,1.098,1.615,0.153,0.007,18.946,0.251,I,E,200
250,15,60,4,30,0.0579,0,1.238,1.755,0.153,0.007,18.780,0.251,I,E,200
300,15,60,4,30,0.0694,0,1.431,1.948,0.152,0.007,18.564,0.250,I,E,200
350,15,60,4,30,0.0810,0,1.700,2.217,0.152,0.007,18.278,0.248,I,E,200
400,15,60,4,30,0.0926,0,2.054,2.571,0.152,0.007,17.910,0.245,I,E,200
450,15,60,4,30,0.1042,0,2.490,3.007,0.151,0.007,17.463,0.243,I,E,200
500,15,60,4,30,0.1157,0,2.987,3.504,0.150,0.006,16.957,0.241,I,E,200
0,15,120,4,30,0.0000,0,0.000,0.517,0.150,0.006,20.159,0.234,-,E,200
50,15,120,4,30,0.0058,0,0.168,0.685,0.155,0.007,20.056,0.240,-,E,200
100,15,120,4,30,0.0116,0,0.440,0.957,0.155,0.007,19.747,0.246,-,E,200
150,15,120,4,30,0.0174,0,0.650,1.167,0.155,0.007,19.496,0.250,I,E,200
200,15,120,4,30,0.0231,0,0.795,1.312,0.154,0.007,19.323,0.251,I,E,200
250,15,120,4,30,0.0289,0,0.897,1.414,0.153,0.007,19.199,0.251,I,E,200
300,15,120,4,30,0.0347,0,0.973,1.490,0.153,0.007,19.103,0.251,I,E,200
350,15,120,4,30,0.0405,0,1.037,1.554,0.153,0.007,19.022,0.251,I,E,200
400,15,120,4,30,0.0463,0,1.098,1.615,0.153,0.007,18.946,0.251,I,E,200
450,15,120,4,30,0.0521,0,1.163,1.680,0.153,0.007,18.867,0.251,I,E,200
500,15,120,4,30,0.0579,0,1.238,1.755,0.153,0.007,18.780,0.251,I,E,200
0,28,15,4,30,0.0000,0,0.000,0.517,0.150,0.006,20.159,0.234,-,E,200
50,28,15,4,30,0.0864,0,1.854,2.371,0.152,0.007,18.117,0.247,I,E,200
100,28,15,4,30,0.1728,0,5.625,6.142,0.145,0.006,14.383,0.260,I,E,200
150,28,15,4,30,0.2593,0,8.299,8.816,0.141,0.006,12.033,0.324,I,E,200
200,28,15,4,30,0.3457,0,9.142,9.659,0.157,0.006,11.561,0.361,I,E,200
250,28,15,4,30,0.4321,0,8.855,9.372,0.165,0.007,11.873,0.348,I,E,200
300,28,15,4,30,0.5185,1,9.682,10.199,0.160,0.007,11.056,0.318,I,E,200
350,28,15,4,30,0.6049,1,12.567,13.084,0.146,0.006,8.595,0.272,I,I,200
400,28,15,4,30,0.6914,1,14.159,14.676,0.151,0.006,7.492,0.280,I,I,200
450,28,15,4,30,0.7778,1,14.746,15.263,0.155,0.006,7.293,0.317,I,I,200
500,28,15,4,30,0.8642,1,17.165,17.682,0.163,0.007,5.462,0.234,I,I,200
0,28,30,4,30,0.0000,0,0.000,0.517,0.150,0.006,20.159,0.234,-,E,200
50,28,30,4,30,0.0432,0,1.065,1.582,0.153,0.007,18.986,0.251,I,E,200
100,28,30,4,30,0.0864,0,1.854,2.371,0.152,0.007,18.117,0.247,I,E,200
150,28,30,4,30,0.1296,0,3.630,4.147,0.149,0.006,16.312,0.241,I,E,200
200,28,30,4,30,0.1728,0,5.625,6.142,0.145,0.006,14.383,0.260,I,E,200
250,28,30,4,30,0.2160,0,7.214,7.731,0.142,0.006,12.953,0.286,I,E,200
300,28,30,4,30,0.2593,0,8.299,8.816,0.141,0.006,12.033,0.324,I,E,200
350,28,30,4,30,0.3025,0,8.709,9.226,0.150,0.006,11.757,0.356,I,E,200
400,28,30,4,30,0.3457,0,9.142,9.659,0.157,0.006,11.561,0.361,I,E,200
450,28,30,4,30,0.3889,0,9.222,9.739,0.165,0.006,11.540,0.362,I,E,200
500,28,30,4,30,0.4321,0,8.855,9.372,0.165,0.007,11.873,0.348,I,E,200
0,28,60,4,30,0.0000,0,0.000,0.517,0.150,0.006,20.159,0.234,-,E,200
50,28,60,4,30,0.0216,0,0.761,1.278,0.154,0.007,19.363,0.251,I,E,200
100,28,60,4,30,0.0432,0,1.065,1.582,0.153,0.007,18.986,0.251,I,E,200
150,28,60,4,30,0.0648,0,1.346,1.863,0.152,0.007,18.658,0.251,I,E,200
200,28,60,4,30,0.0864,0,1.854,2.371,0.152,0.007,18.117,0.247,I,E,200
250,28,60,4,30,0.1080,0,2.650,3.167,0.151,0.007,17.299,0.242,I,E,200
300,28,60,4,30,0.1296,0,3.630,4.147,0.149,0.006,16.312,0.241,I,E,200
350,28,60,4,30,0.1512,0,4.657,5.174,0.147,0.006,15.296,0.245,I,E,200
400,28,60,4,30,0.1728,0,5.625,6.142,0.145,0.006,14.383,0.260,I,E,200
450,28,60,4,30,0.1944,0,6.441,6.958,0.144,0.006,13.640,0.272,I,E,200
500,28,60,4,30,0.2160,0,7.214,7.731,0.142,0.006,12.953,0.286,I,E,200
0,28,120,4,30,0.0000,0,0.000,0.517,0.150,0.006,20.159,0.234,-,E,200
50,28,120,4,30,0.0108,0,0.407,0.924,0.155,0.007,19.788,0.245,-,E,200
100,28,120,4,30,0.0216,0,0.761,1.278,0.154,0.007,19.363,0.251,I,E,200
150,28,120,4,30,0.0324,0,0.945,1.462,0.153,0.007,19.139,0.251,I,E,200
200,28,120,4,30,0.0432,0,1.065,1.582,0.153,0.007,18.986,0.251,I,E,200
250,28,120,4,30,0.0540,0,1.187,1.704,0.153,0.007,18.839,0.251,I,E,200
300,28,120,4,30,0.0648,0,1.346,1.863,0.152,0.007,18.658,0.251,I,E,200
350,28,120,4,30,0.0756,0,1.564,2.081,0.152,0.007,18.422,0.249,I,E,200
400,28,120,4,30,0.0864,0,1.854,2.371,0.152,0.007,18.117,0.247,I,E,200
450,28,120,4,30,0.0972,0,2.219,2.736,0.151,0.007,17.739,0.244,I,E,200
500,28,120,4,30,0.1080,0,2.650,3.167,0.151,0.007,17.299,0.242,I,E,200
0,3.5,15,8,30,0.0000,0,0.000,0.227,0.369,0.010,27.122,0.145,-,E,200
50,3.5,15,8,30,0.0108,0,0.234,0.461,0.364,0.010,26.806,0.153,-,E,200
100,3.5,15,8,30,0.0216,0,0.365,0.592,0.365,0.011,26.693,0.158,-,E,200
150,3.5,15,8,30,0.0324,0,0.439,0.666,0.366,0.010,26.632,0.160,-,E,200
200,3.5,15,8,30,0.0432,0,0.535,0.762,0.366,0.010,26.544,0.160,I,E,200
250,3.5,15,8,30,0.0540,0,0.699,0.926,0.365,0.010,26.385,0.159,I,E,200
300,3.5,15,8,30,0.0648,0,0.966,1.193,0.364,0.010,26.122,0.156,I,E,200
350,3.5,15,8,30,0.0756,0,1.344,1.571,0.363,0.010,25.747,0.151,I,E,200
400,3.5,15,8,30,0.0864,0,1.821,2.048,0.362,0.010,25.271,0.146,I,E,200
450,3.5,15,8,30,0.0972,0,2.364,2.591,0.361,0.010,24.730,0.141,I,E,200
500,3.5,15,8,30,0.1080,0,2.933,3.160,0.360,0.009,24.161,0.137,I,E,200
0,3.5,30,8,30,0.0000,0,0.000,0.227,0.369,0.010,27.122,0.145,-,E,200
50,3.5,30,8,30,0.0054,0,0.107,0.334,0.365,0.010,26.944,0.149,-,E,200
100,3.5,30,8,30,0.0108,0,0.234,0.461,0.364,0.010,26.806,0.153,-,E,200
150,3.5,30,8,30,0.0162,0,0.314,0.541,0.365,0.011,26.735,0.156,-,E,200
200,3.5,30,8,30,0.0216,0,0.365,0.592,0.365,0.011,26.693,0.158,-,E,200
250,3.5,30,8,30,0.0270,0,0.403,0.630,0.366,0.010,26.662,0.159,-,E,200
300,3.5,30,8,30,0.0324,0,0.439,0.666,0.366,0.010,26.632,0.160,-,E,200
350,3.5,30,8,30,0.0378,0,0.481,0.708,0.366,0.010,26.595,0.160,-,E,200
400,3.5,30,8,30,0.0432,0,0.535,0.762,0.366,0.010,26.544,0.160,I,E,200
450,3.5,30,8,30,0.0486,0,0.606,0.833,0.365,0.010,26.476,0.160,I,E,200
500,3.5,30,8,30,0.0540,0,0.699,0.926,0.365,0.010,26.385,0.159,I,E,200
0,3.5,60,8,30,0.0000,0,0.000,0.227,0.369,0.010,27.122,0.145,-,E,200
50,3.5,60,8,30,0.0027,0,0.035,0.262,0.367,0.010,27.045,0.146,-,E,200
100,3.5,60,8,30,0.0054,0,0.107,0.334,0.365,0.010,26.944,0.149,-,E,200
150,3.5,60,8,30,0.0081,0,0.177,0.404,0.364,0.010,26.863,0.151,-,E,200
200,3.5,60,8,30,0.0108,0,0.234,0.461,0.364,0.010,26.806,0.153,-,E,200
250,3.5,60,8,30,0.0135,0,0.279,0.506,0.365,0.010,26.765,0.154,-,E,200
300,3.5,60,8,30,0.0162,0,0.314,0.541,0.365,0.011,26.735,0.156,-,E,200
350,3.5,60,8,30,0.0189,0,0.342,0.569,0.365,0.011,26.712,0.157,-,E,200
400,3.5,60,8,30,0.0216,0,0.365,0.592,0.365,0.011,26.693,0.158,-,E,200
450,3.5,60,8,30,0.0243,0,0.385,0.612,0.365,0.011,26.677,0.158,-,E,200
500,3.5,60,8,30,0.0270,0,0.403,0.630,0.366,0.010,26.662,0.159,-,E,200
0,3.5,120,8,30,0.0000,0,0.000,0.227,0.369,0.010,27.122,0.145,-,E,200
50,3.5,120,8,30,0.0014,0,0.010,0.237,0.368,0.010,27.092,0.145,-,E,200
100,3.5,120,8,30,0.0027,0,0.035,0.262,0.367,0.010,27.045,0.146,-,E,200
150,3.5,120,8,30,0.0041,0,0.069,0.296,0.366,0.010,26.993,0.147,-,E,200
200,3.5,120,8,30,0.0054,0,0.107,0.334,0.365,0.010,26.944,0.149,-,E,200
250,3.5,120,8,30,0.0068,0,0.143,0.370,0.365,0.010,26.900,0.150,-,E,200
300,3.5,120,8,30,0.0081,0,0.177,0.404,0.364,0.010,26.863,0.151,-,E,200
350,3.5,120,8,30,0.0095,0,0.207,0.434,0.364,0.010,26.832,0.152,-,E,200
400,3.5,120,8,30,0.0108,0,0.234,0.461,0.364,0.010,26.806,0.153,-,E,200
450,3.5,120,8,30,0.0122,0,0.258,0.485,0.364,0.010,26.784,0.154,-,E,200
500,3.5,120,8,30,0.0135,0,0.279,0.506,0.365,0.010,26.765,0.154,-,E,200
0,7,15,8,30,0.0000,0,0.000,0.227,0.369,0.010,27.122,0.145,-,E,200
50,7,15,8,30,0.0216,0,0.365,0.592,0.365,0.011,26.693,0.158,-,E,200
100,7,15,8,30,0.0432,0,0.535,0.762,0.366,0.010,26.544,0.160,I,E,200
150,7,15,8,30,0.0648,0,0.966,1.193,0.364,0.010,26.122,0.156,I,E,200
200,7,15,8,30,0.0864,0,1.821,2.048,0.362,0.010,25.271,0.146,I,E,200
250,7,15,8,30,0.1080,0,2.933,3.160,0.360,0.009,24.161,0.137,I,E,200
300,7,15,8,30,0.1296,0,4.033,4.260,0.359,0.009,23.063,0.139,I,E,200
350,7,15,8,30,0.1512,0,4.963,5.190,0.359,0.010,22.139,0.162,I,E,200
400,7,15,8,30,0.1728,0,5.632,5.859,0.359,0.010,21.483,0.188,I,E,200
450,7,15,8,30,0.1944,0,6.059,6.286,0.358,0.010,21.070,0.209,I,E,200
500,7,15,8,30,0.2160,0,6.485,6.712,0.356,0.010,20.675,0.245,I,E,200
0,7,30,8,30,0.0000,0,0.000,0.227,0.369,0.010,27.122,0.145,-,E,200
50,7,30,8,30,0.0108,0,0.234,0.461,0.364,0.010,26.806,0.153,-,E,200
100,7,30,8,30,0.0216,0,0.365,0.592,0.365,0.011,26.693,0.158,-,E,200
150,7,30,8,30,0.0324,0,0.439,0.666,0.366,0.010,26.632,0.160,-,E,200
200,7,30,8,30,0.0432,0,0.535,0.762,0.366,0.010,26.544,0.160,I,E,200
250,7,30,8,30,0.0540,0,0.699,0.926,0.365,0.010,26.385,0.159,I,E,200
300,7,30,8,30,0.0648,0,0.966,1.193,0.364,0.010,26.122,0.156,I,E,200
350,7,30,8,30,0.0756,0,1.344,1.571,0.363,0.010,25.747,0.151,I,E,200
400,7,30,8,30,0.0864,0,1.821,2.048,0.362,0.010,25.271,0.146,I,E,200
450,7,30,8,30,0.0972,0,2.364,2.591,0.361,0.010,24.730,0.141,I,E,200
500,7,30,8,30,0.1080,0,2.933,3.160,0.360,0.009,24.161,0.137,I,E,200
0,7,60,8,30,0.0000,0,0.000,0.227,0.369,0.010,27.122,0.145,-,E,200
50,7,60,8,30,0.0054,0,0.107,0.334,0.365,0.010,26.944,0.149,-,E,200
100,7,60,8,30,0.0108,0,0.234,0.461,0.364,0.010,26.806,0.153,-,E,200
150,7,60,8,30,0.0162,0,0.314,0.541,0.365,0.011,26.735,0.156,-,E,200
200,7,60,8,30,0.0216,0,0.365,0.592,0.365,0.011,26.693,0.158,-,E,200
250,7,60,8,30,0.0270,0,0.403,0.630,0.366,0.010,26.662,0.159,-,E,200
300,7,60,8,30,0.0324,0,0.439,0.666,0.366,0.010,26.632,0.160,-,E,200
350,7,60,8,30,0.0378,0,0.481,0.708,0.366,0.010,26.595,0.160,-,E,200
400,7,60,8,30,0.0432,0,0.535,0.762,0.366,0.010,26.544,0.160,I,E,200
450,7,60,8,30,0.0486,0,0.606,0.833,0.365,0.010,26.476,0.160,I,E,200
500,7,60,8,30,0.0540,0,0.699,0.926,0.365,0.010,26.385,0.159,I,E,200
0,7,120,8,30,0.0000,0,0.000,0.227,0.369,0.010,27.122,0.145,-,E,200
50,7,120,8,30,0.0027,0,0.035,0.262,0.367,0.010,27.045,0.146,-,E,200
100,7,120,8,30,0.0054,0,0.107,0.334,0.365,0.010,26.944,0.149,-,E,200
150,7,120,8,30,0.0081,0,0.177,0.404,0.364,0.010,26.863,0.151,-,E,200
200,7,120,8,30,0.0108,0,0.234,0.461,0.364,0.010,26.806,0.153,-,E,200
250,7,120,8,30,0.0135,0,0.279,0.506,0.365,0.010,26.765,0.154,-,E,200
300,7,120,8,30,0.0162,0,0.314,0.541,0.365,0.011,26.735,0.156,-,E,200
350,7,120,8,30,0.0189,0,0.342,0.569,0.365,0.011,26.712,0.157,-,E,200
400,7,120,8,30,0.0216,0,0.365,0.592,0.365,0.011,26.693,0.158,-,E,200
450,7,120,8,30,0.0243,0,0.385,0.612,0.365,0.011,26.677,0.158,-,E,200
500,7,120,8,30,0.0270,0,0.403,0.630,0.366,0.010,26.662,0.159,-,E,200
0,15,15,8,30,0.0000,0,0.000,0.227,0.369,0.010,27.122,0.145,-,E,200
50,15,15,8,30,0.0463,0,0.573,0.800,0.365,0.010,26.508,0.160,I,E,200
100,15,15,8,30,0.0926,0,2.126,2.353,0.361,0.010,24.967,0.143,I,E,200
150,15,15,8,30,0.1389,0,4.460,4.687,0.359,0.009,22.637,0.146,I,E,200
200,15,15,8,30,0.1852,0,5.902,6.129,0.359,0.010,21.221,0.200,I,E,200
250,15,15,8,30,0.2315,0,6.616,6.843,0.353,0.010,20.550,0.255,I,E,200
300,15,15,8,30,0.2778,0,6.641,6.868,0.351,0.010,20.556,0.300,I,E,200
350,15,15,8,30,0.3241,0,7.022,7.249,0.349,0.009,20.183,0.328,I,E,200
400,15,15,8,30,0.3704,0,7.939,8.166,0.355,0.010,19.294,0.326,I,E,200
450,15,15,8,30,0.4167,0,7.548,7.775,0.361,0.010,19.713,0.314,I,E,200
500,15,15,8,30,0.4630,0,7.318,7.545,0.362,0.010,19.899,0.314,I,E,200
0,15,30,8,30,0.0000,0,0.000,0.227,0.369,0.010,27.122,0.145,-,E,200
50,15,30,8,30,0.0231,0,0.377,0.604,0.365,0.011,26.683,0.158,-,E,200
100,15,30,8,30,0.0463,0,0.573,0.800,0.365,0.010,26.508,0.160,I,E,200
150,15,30,8,30,0.0694,0,1.114,1.341,0.363,0.010,25.975,0.154,I,E,200
200,15,30,8,30,0.0926,0,2.126,2.353,0.361,0.010,24.967,0.143,I,E,200
250,15,30,8,30,0.1157,0,3.337,3.564,0.360,0.009,23.757,0.136,I,E,200
300,15,30,8,30,0.1389,0,4.460,4.687,0.359,0.009,22.637,0.146,I,E,200
350,15,30,8,30,0.1620,0,5.331,5.558,0.359,0.010,21.777,0.176,I,E,200
400,15,30,8,30,0.1852,0,5.902,6.129,0.359,0.010,21.221,0.200,I,E,200
450,15,30,8,30,0.2083,0,6.395,6.622,0.357,0.010,20.758,0.238,I,E,200
500,15,30,8,30,0.2315,0,6.616,6.843,0.353,0.010,20.550,0.255,I,E,200
0,15,60,8,30,0.0000,0,0.000,0.227,0.369,0.010,27.122,0.145,-,E,200
50,15,60,8,30,0.0116,0,0.248,0.475,0.364,0.010,26.793,0.153,-,E,200
100,15,60,8,30,0.0231,0,0.377,0.604,0.365,0.011,26.683,0.158,-,E,200
150,15,60,8,30,0.0347,0,0.456,0.683,0.366,0.010,26.617,0.160,-,E,200
200,15,60,8,30,0.0463,0,0.573,0.800,0.365,0.010,26.508,0.160,I,E,200
250,15,60,8,30,0.0579,0,0.782,1.009,0.365,0.010,26.304,0.158,I,E,200
300,15,60,8,30,0.0694,0,1.114,1.341,0.363,0.010,25.975,0.154,I,E,200
350,15,60,8,30,0.0810,0,1.572,1.799,0.362,0.010,25.520,0.149,I,E,200
400,15,60,8,30,0.0926,0,2.126,2.353,0.361,0.010,24.967,0.143,I,E,200
450,15,60,8,30,0.1042,0,2.729,2.956,0.360,0.009,24.365,0.138,I,E,200
500,15,60,8,30,0.1157,0,3.337,3.564,0.360,0.009,23.757,0.136,I,E,200
0,15,120,8,30,0.0000,0,0.000,0.227,0.369,0.010,27.122,0.145,-,E,200
50,15,120,8,30,0.0058,0,0.118,0.345,0.365,0.010,26.931,0.149,-,E,200
100,15,120,8,30,0.0116,0,0.248,0.475,0.364,0.010,26.793,0.153,-,E,200
150,15,120,8,30,0.0174,0,0.327,0.554,0.365,0.011,26.724,0.156,-,E,200
200,15,120,8,30,0.0231,0,0.377,0.604,0.365,0.011,26.683,0.158,-,E,200
250,15,120,8,30,0.0289,0,0.416,0.643,0.366,0.010,26.651,0.159,-,E,200
300,15,120,8,30,0.0347,0,0.456,0.683,0.366,0.010,26.617,0.160,-,E,200
350,15,120,8,30,0.0405,0,0.506,0.733,0.366,0.010,26.572,0.160,I,E,200
400,15,120,8,30,0.0463,0,0.573,0.800,0.365,0.010,26.508,0.160,I,E,200
450,15,120,8,30,0.0521,0,0.663,0.890,0.365,0.010,26.420,0.159,I,E,200
500,15,120,8,30,0.0579,0,0.782,1.009,0.365,0.010,26.304,0.158,I,E,200
0,28,15,8,30,0.0000,0,0.000,0.227,0.369,0.010,27.122,0.145,-,E,200
50,28,15,8,30,0.0864,0,1.821,2.048,0.362,0.010,25.271,0.146,I,E,200
100,28,15,8,30,0.1728,0,5.632,5.859,0.359,0.010,21.483,0.188,I,E,200
150,28,15,8,30,0.2593,0,6.739,6.966,0.354,0.010,20.446,0.284,I,E,200
200,28,15,8,30,0.3457,0,7.557,7.784,0.351,0.009,19.653,0.324,I,E,200
250,28,15,8,30,0.4321,0,7.374,7.601,0.362,0.010,19.876,0.314,I,E,200
300,28,15,8,30,0.5185,1,8.863,9.090,0.365,0.010,18.340,0.274,I,E,200
350,28,15,8,30,0.6049,1,12.684,12.911,0.351,0.009,14.643,0.237,I,E,200
400,28,15,8,30,0.6914,1,13.608,13.835,0.348,0.010,13.844,0.288,I,E,200
450,28,15,8,30,0.7778,1,12.071,12.298,0.353,0.011,15.399,0.378,I,E,200
500,28,15,8,30,0.8642,1,15.958,16.185,0.358,0.010,11.775,0.291,I,I,200
0,28,30,8,30,0.0000,0,0.000,0.227,0.369,0.010,27.122,0.145,-,E,200
50,28,30,8,30,0.0432,0,0.535,0.762,0.366,0.010,26.544,0.160,I,E,200
100,28,30,8,30,0.0864,0,1.821,2.048,0.362,0.010,25.271,0.146,I,E,200
150,28,30,8,30,0.1296,0,4.033,4.260,0.359,0.009,23.063,0.139,I,E,200
200,28,30,8,30,0.1728,0,5.632,5.859,0.359,0.010,21.483,0.188,I,E,200
250,28,30,8,30,0.2160,0,6.485,6.712,0.356,0.010,20.675,0.245,I,E,200
300,28,30,8,30,0.2593,0,6.739,6.966,0.354,0.010,20.446,0.284,I,E,200
350,28,30,8,30,0.3025,0,6.628,6.855,0.347,0.009,20.583,0.323,I,E,200
400,28,30,8,30,0.3457,0,7.557,7.784,0.351,0.009,19.653,0.324,I,E,200
450,28,30,8,30,0.3889,0,7.870,8.097,0.359,0.010,19.371,0.321,I,E,200
500,28,30,8,30,0.4321,0,7.374,7.601,0.362,0.010,19.876,0.314,I,E,200
0,28,60,8,30,0.0000,0,0.000,0.227,0.369,0.010,27.122,0.145,-,E,200
50,28,60,8,30,0.0216,0,0.365,0.592,0.365,0.011,26.693,0.158,-,E,200
100,28,60,8,30,0.0432,0,0.535,0.762,0.366,0.010,26.544,0.160,I,E,200
150,28,60,8,30,0.0648,0,0.966,1.193,0.364,0.010,26.122,0.156,I,E,200
200,28,60,8,30,0.0864,0,1.821,2.048,0.362,0.010,25.271,0.146,I,E,200
250,28,60,8,30,0.1080,0,2.933,3.160,0.360,0.009,24.161,0.137,I,E,200
300,28,60,8,30,0.1296,0,4.033,4.260,0.359,0.009,23.063,0.139,I,E,200
350,28,60,8,30,0.1512,0,4.963,5.190,0.359,0.010,22.139,0.162,I,E,200
400,28,60,8,30,0.1728,0,5.632,5.859,0.359,0.010,21.483,0.188,I,E,200
450,28,60,8,30,0.1944,0,6.059,6.286,0.358,0.010,21.070,0.209,I,E,200
500,28,60,8,30,0.2160,0,6.485,6.712,0.356,0.010,20.675,0.245,I,E,200
0,28,120,8,30,0.0000,0,0.000,0.227,0.369,0.010,27.122,0.145,-,E,200
50,28,120,8,30,0.0108,0,0.234,0.461,0.364,0.010,26.806,0.153,-,E,200
100,28,120,8,30,0.0216,0,0.365,0.592,0.365,0.011,26.693,0.158,-,E,200
150,28,120,8,30,0.0324,0,0.439,0.666,0.366,0.010,26.632,0.160,-,E,200
200,28,120,8,30,0.0432,0,0.535,0.762,0.366,0.010,26.544,0.160,I,E,200
250,28,120,8,30,0.0540,0,0.699,0.926,0.365,0.010,26.385,0.159,I,E,200
300,28,120,8,30,0.0648,0,0.966,1.193,0.364,0.010,26.122,0.156,I,E,200
350,28,120,8,30,0.0756,0,1.344,1.571,0.363,0.010,25.747,0.151,I,E,200
400,28,120,8,30,0.0864,0,1.821,2.048,0.362,0.010,25.271,0.146,I,E,200
450,28,120,8,30,0.0972,0,2.364,2.591,0.361,0.010,24.730,0.141,I,E,200
500,28,120,8,30,0.1080,0,2.933,3.160,0.360,0.009,24.161,0.137,I,E,200
0,3.5,15,16,30,0.0000,0,0.000,0.107,0.841,0.015,33.905,0.111,E,E,200
50,3.5,15,16,30,0.0108,0,0.169,0.276,0.849,0.016,33.748,0.115,E,E,200
100,3.5,15,16,30,0.0216,0,0.235,0.342,0.852,0.016,33.687,0.116,E,E,200
150,3.5,15,16,30,0.0324,0,0.313,0.420,0.855,0.016,33.609,0.117,E,E,200
200,3.5,15,16,30,0.0432,0,0.479,0.586,0.859,0.016,33.443,0.115,E,E,200
250,3.5,15,16,30,0.0540,0,0.785,0.892,0.864,0.017,33.136,0.112,E,E,200
300,3.5,15,16,30,0.0648,0,1.252,1.359,0.868,0.017,32.669,0.107,I,E,200
350,3.5,15,16,30,0.0756,0,1.847,1.954,0.872,0.017,32.074,0.101,I,E,200
400,3.5,15,16,30,0.0864,0,2.506,2.613,0.874,0.017,31.417,0.097,I,E,200
450,3.5,15,16,30,0.0972,0,3.155,3.262,0.874,0.017,30.769,0.095,I,E,200
500,3.5,15,16,30,0.1080,0,3.743,3.850,0.872,0.017,30.183,0.096,I,E,200
0,3.5,30,16,30,0.0000,0,0.000,0.107,0.841,0.015,33.905,0.111,E,E,200
50,3.5,30,16,30,0.0054,0,0.097,0.204,0.845,0.016,33.810,0.114,E,E,200
100,3.5,30,16,30,0.0108,0,0.169,0.276,0.849,0.016,33.748,0.115,E,E,200
150,3.5,30,16,30,0.0162,0,0.207,0.314,0.850,0.016,33.714,0.116,E,E,200
200,3.5,30,16,30,0.0216,0,0.235,0.342,0.852,0.016,33.687,0.116,E,E,200
250,3.5,30,16,30,0.0270,0,0.268,0.375,0.853,0.016,33.655,0.117,E,E,200
300,3.5,30,16,30,0.0324,0,0.313,0.420,0.855,0.016,33.609,0.117,E,E,200
350,3.5,30,16,30,0.0378,0,0.381,0.488,0.857,0.016,33.541,0.116,E,E,200
400,3.5,30,16,30,0.0432,0,0.479,0.586,0.859,0.016,33.443,0.115,E,E,200
450,3.5,30,16,30,0.0486,0,0.612,0.719,0.861,0.017,33.309,0.114,E,E,200
500,3.5,30,16,30,0.0540,0,0.785,0.892,0.864,0.017,33.136,0.112,E,E,200
0,3.5,60,16,30,0.0000,0,0.000,0.107,0.841,0.015,33.905,0.111,E,E,200
50,3.5,60,16,30,0.0027,0,0.038,0.145,0.842,0.015,33.863,0.113,E,E,200
100,3.5,60,16,30,0.0054,0,0.097,0.204,0.845,0.016,33.810,0.114,E,E,200
150,3.5,60,16,30,0.0081,0,0.140,0.247,0.847,0.016,33.773,0.114,E,E,200
200,3.5,60,16,30,0.0108,0,0.169,0.276,0.849,0.016,33.748,0.115,E,E,200
250,3.5,60,16,30,0.0135,0,0.190,0.297,0.849,0.016,33.729,0.115,E,E,200
300,3.5,60,16,30,0.0162,0,0.207,0.314,0.850,0.016,33.714,0.116,E,E,200
350,3.5,60,16,30,0.0189,0,0.221,0.328,0.851,0.016,33.700,0.116,E,E,200
400,3.5,60,16,30,0.0216,0,0.235,0.342,0.852,0.016,33.687,0.116,E,E,200
450,3.5,60,16,30,0.0243,0,0.250,0.357,0.852,0.016,33.672,0.117,E,E,200
500,3.5,60,16,30,0.0270,0,0.268,0.375,0.853,0.016,33.655,0.117,E,E,200
0,3.5,120,16,30,0.0000,0,0.000,0.107,0.841,0.015,33.905,0.111,E,E,200
50,3.5,120,16,30,0.0014,0,0.012,0.119,0.841,0.015,33.890,0.112,E,E,200
100,3.5,120,16,30,0.0027,0,0.038,0.145,0.842,0.015,33.863,0.113,E,E,200
150,3.5,120,16,30,0.0041,0,0.069,0.176,0.844,0.016,33.835,0.113,E,E,200
200,3.5,120,16,30,0.0054,0,0.097,0.204,0.845,0.016,33.810,0.114,E,E,200
250,3.5,120,16,30,0.0068,0,0.120,0.227,0.846,0.016,33.790,0.114,E,E,200
300,3.5,120,16,30,0.0081,0,0.140,0.247,0.847,0.016,33.773,0.114,E,E,200
350,3.5,120,16,30,0.0095,0,0.156,0.263,0.848,0.016,33.760,0.115,E,E,200
400,3.5,120,16,30,0.0108,0,0.169,0.276,0.849,0.016,33.748,0.115,E,E,200
450,3.5,120,16,30,0.0122,0,0.180,0.287,0.849,0.016,33.738,0.115,E,E,200
500,3.5,120,16,30,0.0135,0,0.190,0.297,0.849,0.016,33.729,0.115,E,E,200
0,7,15,16,30,0.0000,0,0.000,0.107,0.841,0.015,33.905,0.111,E,E,200
50,7,15,16,30,0.0216,0,0.235,0.342,0.852,0.016,33.687,0.116,E,E,200
100,7,15,16,30,0.0432,0,0.479,0.586,0.859,0.016,33.443,0.115,E,E,200
150,7,15,16,30,0.0648,0,1.252,1.359,0.868,0.017,32.669,0.107,I,E,200
200,7,15,16,30,0.0864,0,2.506,2.613,0.874,0.017,31.417,0.097,I,E,200
250,7,15,16,30,0.1080,0,3.743,3.850,0.872,0.017,30.183,0.096,I,E,200
300,7,15,16,30,0.1296,0,4.673,4.780,0.869,0.017,29.258,0.110,I,E,200
350,7,15,16,30,0.1512,0,5.302,5.409,0.867,0.017,28.633,0.136,I,E,200
400,7,15,16,30,0.1728,0,5.685,5.792,0.867,0.017,28.252,0.165,I,E,200
450,7,15,16,30,0.1944,0,5.980,6.087,0.873,0.017,27.956,0.191,I,E,200
500,7,15,16,30,0.2160,0,6.203,6.310,0.875,0.017,27.737,0.220,I,E,200
0,7,30,16,30,0.0000,0,0.000,0.107,0.841,0.015,33.905,0.111,E,E,200
50,7,30,16,30,0.0108,0,0.169,0.276,0.849,0.016,33.748,0.115,E,E,200
100,7,30,16,30,0.0216,0,0.235,0.342,0.852,0.016,33.687,0.116,E,E,200
150,7,30,16,30,0.0324,0,0.313,0.420,0.855,0.016,33.609,0.117,E,E,200
200,7,30,16,30,0.0432,0,0.479,0.586,0.859,0.016,33.443,0.115,E,E,200
250,7,30,16,30,0.0540,0,0.785,0.892,0.864,0.017,33.136,0.112,E,E,200
300,7,30,16,30,0.0648,0,1.252,1.359,0.868,0.017,32.669,0.107,I,E,200
350,7,30,16,30,0.0756,0,1.847,1.954,0.872,0.017,32.074,0.101,I,E,200
400,7,30,16,30,0.0864,0,2.506,2.613,0.874,0.017,31.417,0.097,I,E,200
450,7,30,16,30,0.0972,0,3.155,3.262,0.874,0.017,30.769,0.095,I,E,200
500,7,30,16,30,0.1080,0,3.743,3.850,0.872,0.017,30.183,0.096,I,E,200
0,7,60,16,30,0.0000,0,0.000,0.107,0.841,0.015,33.905,0.111,E,E,200
50,7,60,16,30,0.0054,0,0.097,0.204,0.845,0.016,33.810,0.114,E,E,200
100,7,60,16,30,0.0108,0,0.169,0.276,0.849,0.016,33.748,0.115,E,E,200
150,7,60,16,30,0.0162,0,0.207,0.314,0.850,0.016,33.714,0.116,E,E,200
200,7,60,16,30,0.0216,0,0.235,0.342,0.852,0.016,33.687,0.116,E,E,200
250,7,60,16,30,0.0270,0,0.268,0.375,0.853,0.016,33.655,0.117,E,E,200
300,7,60,16,30,0.0324,0,0.313,0.420,0.855,0.016,33.609,0.117,E,E,200
350,7,60,16,30,0.0378,0,0.381,0.488,0.857,0.016,33.541,0.116,E,E,200
400,7,60,16,30,0.0432,0,0.479,0.586,0.859,0.016,33.443,0.115,E,E,200
450,7,60,16,30,0.0486,0,0.612,0.719,0.861,0.017,33.309,0.114,E,E,200
500,7,60,16,30,0.0540,0,0.785,0.892,0.864,0.017,33.136,0.112,E,E,200
0,7,120,16,30,0.0000,0,0.000,0.107,0.841,0.015,33.905,0.111,E,E,200
50,7,120,16,30,0.0027,0,0.038,0.145,0.842,0.015,33.863,0.113,E,E,200
100,7,120,16,30,0.0054,0,0.097,0.204,0.845,0.016,33.810,0.114,E,E,200
150,7,120,16,30,0.0081,0,0.140,0.247,0.847,0.016,33.773,0.114,E,E,200
200,7,120,16,30,0.0108,0,0.169,0.276,0.849,0.016,33.748,0.115,E,E,200
250,7,120,16,30,0.0135,0,0.190,0.297,0.849,0.016,33.729,0.115,E,E,200
300,7,120,16,30,0.0162,0,0.207,0.314,0.850,0.016,33.714,0.116,E,E,200
350,7,120,16,30,0.0189,0,0.221,0.328,0.851,0.016,33.700,0.116,E,E,200
400,7,120,16,30,0.0216,0,0.235,0.342,0.852,0.016,33.687,0.116,E,E,200
450,7,120,16,30,0.0243,0,0.250,0.357,0.852,0.016,33.672,0.117,E,E,200
500,7,120,16,30,0.0270,0,0.268,0.375,0.853,0.016,33.655,0.117,E,E,200
0,15,15,16,30,0.0000,0,0.000,0.107,0.841,0.015,33.905,0.111,E,E,200
50,15,15,16,30,0.0463,0,0.550,0.657,0.860,0.017,33.371,0.115,E,E,200
100,15,15,16,30,0.0926,0,2.881,2.988,0.874,0.017,31.042,0.095,I,E,200
150,15,15,16,30,0.1389,0,4.976,5.083,0.869,0.017,28.957,0.120,I,E,200
200,15,15,16,30,0.1852,0,5.850,5.957,0.870,0.017,28.086,0.177,I,E,200
250,15,15,16,30,0.2315,0,6.246,6.353,0.875,0.017,27.696,0.233,I,E,200
300,15,15,16,30,0.2778,0,5.944,6.051,0.857,0.017,28.005,0.279,I,E,200
350,15,15,16,30,0.3241,0,6.270,6.377,0.823,0.014,27.688,0.291,I,E,200
400,15,15,16,30,0.3704,0,7.737,7.844,0.817,0.014,26.211,0.281,I,E,200
450,15,15,16,30,0.4167,0,6.880,6.987,0.824,0.014,27.054,0.277,I,E,200
500,15,15,16,30,0.4630,0,6.647,6.754,0.845,0.015,27.279,0.275,I,E,200
0,15,30,16,30,0.0000,0,0.000,0.107,0.841,0.015,33.905,0.111,E,E,200
50,15,30,16,30,0.0231,0,0.244,0.351,0.852,0.016,33.679,0.117,E,E,200
100,15,30,16,30,0.0463,0,0.550,0.657,0.860,0.017,33.371,0.115,E,E,200
150,15,30,16,30,0.0694,0,1.494,1.601,0.870,0.017,32.426,0.104,I,E,200
200,15,30,16,30,0.0926,0,2.881,2.988,0.874,0.017,31.042,0.095,I,E,200
250,15,30,16,30,0.1157,0,4.114,4.221,0.871,0.017,29.814,0.100,I,E,200
300,15,30,16,30,0.1389,0,4.976,5.083,0.869,0.017,28.957,0.120,I,E,200
350,15,30,16,30,0.1620,0,5.521,5.628,0.867,0.017,28.416,0.151,I,E,200
400,15,30,16,30,0.1852,0,5.850,5.957,0.870,0.017,28.086,0.177,I,E,200
450,15,30,16,30,0.2083,0,6.152,6.259,0.874,0.017,27.786,0.210,I,E,200
500,15,30,16,30,0.2315,0,6.246,6.353,0.875,0.017,27.696,0.233,I,E,200
0,15,60,16,30,0.0000,0,0.000,0.107,0.841,0.015,33.905,0.111,E,E,200
50,15,60,16,30,0.0116,0,0.176,0.283,0.849,0.016,33.742,0.115,E,E,200
100,15,60,16,30,0.0231,0,0.244,0.351,0.852,0.016,33.679,0.117,E,E,200
150,15,60,16,30,0.0347,0,0.339,0.446,0.856,0.016,33.583,0.117,E,E,200
200,15,60,16,30,0.0463,0,0.550,0.657,0.860,0.017,33.371,0.115,E,E,200
250,15,60,16,30,0.0579,0,0.934,1.041,0.866,0.017,32.987,0.110,I,E,200
300,15,60,16,30,0.0694,0,1.494,1.601,0.870,0.017,32.426,0.104,I,E,200
350,15,60,16,30,0.0810,0,2.173,2.280,0.873,0.017,31.748,0.099,I,E,200
400,15,60,16,30,0.0926,0,2.881,2.988,0.874,0.017,31.042,0.095,I,E,200
450,15,60,16,30,0.1042,0,3.542,3.649,0.873,0.017,30.383,0.095,I,E,200
500,15,60,16,30,0.1157,0,4.114,4.221,0.871,0.017,29.814,0.100,I,E,200
0,15,120,16,30,0.0000,0,0.000,0.107,0.841,0.015,33.905,0.111,E,E,200
50,15,120,16,30,0.0058,0,0.104,0.211,0.846,0.016,33.804,0.114,E,E,200
100,15,120,16,30,0.0116,0,0.176,0.283,0.849,0.016,33.742,0.115,E,E,200
150,15,120,16,30,0.0174,0,0.213,0.320,0.850,0.016,33.708,0.116,E,E,200
200,15,120,16,30,0.0231,0,0.244,0.351,0.852,0.016,33.679,0.117,E,E,200
250,15,120,16,30,0.0289,0,0.282,0.389,0.854,0.016,33.641,0.117,E,E,200
300,15,120,16,30,0.0347,0,0.339,0.446,0.856,0.016,33.583,0.117,E,E,200
350,15,120,16,30,0.0405,0,0.426,0.533,0.858,0.016,33.496,0.116,E,E,200
400,15,120,16,30,0.0463,0,0.550,0.657,0.860,0.017,33.371,0.115,E,E,200
450,15,120,16,30,0.0521,0,0.719,0.826,0.863,0.017,33.202,0.113,E,E,200
500,15,120,16,30,0.0579,0,0.934,1.041,0.866,0.017,32.987,0.110,I,E,200
0,28,15,16,30,0.0000,0,0.000,0.107,0.841,0.015,33.905,0.111,E,E,200
50,28,15,16,30,0.0864,0,2.506,2.613,0.874,0.017,31.417,0.097,I,E,200
100,28,15,16,30,0.1728,0,5.685,5.792,0.867,0.017,28.252,0.165,I,E,200
150,28,15,16,30,0.2593,0,6.135,6.242,0.865,0.017,27.810,0.264,I,E,200
200,28,15,16,30,0.3457,0,7.272,7.379,0.813,0.014,26.689,0.279,I,E,200
250,28,15,16,30,0.4321,0,6.537,6.644,0.829,0.014,27.392,0.277,I,E,200
300,28,15,16,30,0.5185,1,9.633,9.740,0.829,0.015,24.284,0.226,I,E,200
350,28,15,16,30,0.6049,1,13.949,14.056,0.815,0.016,19.992,0.190,I,E,200
400,28,15,16,30,0.6914,1,13.838,13.945,0.843,0.016,20.127,0.262,I,E,200
450,28,15,16,30,0.7778,1,10.925,11.032,0.860,0.015,23.055,0.373,I,E,200
500,28,15,16,30,0.8642,1,15.522,15.629,0.851,0.014,18.544,0.304,I,E,200
0,28,30,16,30,0.0000,0,0.000,0.107,0.841,0.015,33.905,0.111,E,E,200
50,28,30,16,30,0.0432,0,0.479,0.586,0.859,0.016,33.443,0.115,E,E,200
100,28,30,16,30,0.0864,0,2.506,2.613,0.874,0.017,31.417,0.097,I,E,200
150,28,30,16,30,0.1296,0,4.673,4.780,0.869,0.017,29.258,0.110,I,E,200
200,28,30,16,30,0.1728,0,5.685,5.792,0.867,0.017,28.252,0.165,I,E,200
250,28,30,16,30,0.2160,0,6.203,6.310,0.875,0.017,27.737,0.220,I,E,200
300,28,30,16,30,0.2593,0,6.135,6.242,0.865,0.017,27.810,0.264,I,E,200
350,28,30,16,30,0.3025,0,5.860,5.967,0.843,0.016,28.096,0.291,I,E,200
400,28,30,16,30,0.3457,0,7.272,7.379,0.813,0.014,26.689,0.279,I,E,200
450,28,30,16,30,0.3889,0,7.558,7.665,0.820,0.013,26.385,0.278,I,E,200
500,28,30,16,30,0.4321,0,6.537,6.644,0.829,0.014,27.392,0.277,I,E,200
0,28,60,16,30,0.0000,0,0.000,0.107,0.841,0.015,33.905,0.111,E,E,200
50,28,60,16,30,0.0216,0,0.235,0.342,0.852,0.016,33.687,0.116,E,E,200
100,28,60,16,30,0.0432,0,0.479,0.586,0.859,0.016,33.443,0.115,E,E,200
150,28,60,16,30,0.0648,0,1.252,1.359,0.868,0.017,32.669,0.107,I,E,200
200,28,60,16,30,0.0864,0,2.506,2.613,0.874,0.017,31.417,0.097,I,E,200
250,28,60,16,30,0.1080,0,3.743,3.850,0.872,0.017,30.183,0.096,I,E,200
300,28,60,16,30,0.1296,0,4.673,4.780,0.869,0.017,29.258,0.110,I,E,200
350,28,60,16,30,0.1512,0,5.302,5.409,0.867,0.017,28.633,0.136,I,E,200
400,28,60,16,30,0.1728,0,5.685,5.792,0.867,0.017,28.252,0.165,I,E,200
450,28,60,16,30,0.1944,0,5.980,6.087,0.873,0.017,27.956,0.191,I,E,200
500,28,60,16,30,0.2160,0,6.203,6.310,0.875,0.017,27.737,0.220,I,E,200
0,28,120,16,30,0.0000,0,0.000,0.107,0.841,0.015,33.905,0.111,E,E,200
50,28,120,16,30,0.0108,0,0.169,0.276,0.849,0.016,33.748,0.115,E,E,200
100,28,120,16,30,0.0216,0,0.235,0.342,0.852,0.016,33.687,0.116,E,E,200
150,28,120,16,30,0.0324,0,0.313,0.420,0.855,0.016,33.609,0.117,E,E,200
200,28,120,16,30,0.0432,0,0.479,0.586,0.859,0.016,33.443,0.115,E,E,200
250,28,120,16,30,0.0540,0,0.785,0.892,0.864,0.017,33.136,0.112,E,E,200
300,28,120,16,30,0.0648,0,1.252,1.359,0.868,0.017,32.669,0.107,I,E,200
350,28,120,16,30,0.0756,0,1.847,1.954,0.872,0.017,32.074,0.101,I,E,200
400,28,120,16,30,0.0864,0,2.506,2.613,0.874,0.017,31.417,0.097,I,E,200
450,28,120,16,30,0.0972,0,3.155,3.262,0.874,0.017,30.769,0.095,I,E,200
500,28,120,16,30,0.1080,0,3.743,3.850,0.872,0.017,30.183,0.096,I,E,200
